FID,LANDMARKNA,STNO,STNAME,SUFFIX,OWNERSHIP,CITY,UNITID,SERVSTAT,LAT,LONG,nBaseball,nBasket,nBocce,nCricket,nIceRink,nPlaySite,nSoccer,nSoftball,nSprayPad,nTennis
1,NOT YET NAMED (P-507)* (BETWEEN LIVING ARTS DR AND DUKE OF YORK BLVD| SOUTH OF RATHBURN RD W),300,RATHBURN,RD,CITY OF MISSISSAUGA,MISSISSAUGA,P-507,WIP,43.591465,-79.648651,0,0,0,0,0,0,0,0,0,0
2,CREDIT MEADOWS,6545,CREDITVIEW,RD,CITY OF MISSISSAUGA,MISSISSAUGA,P-122,WIP,43.615083,-79.714997,0,0,0,0,0,0,0,0,0,0
3,FOLKWAY PARK,1902,FOLKWAY,DR,CITY OF MISSISSAUGA,MISSISSAUGA,P-174,OPEN,43.555632,-79.682742,0,0,0,0,0,0,0,0,0,0
4,ELLIS LEUSCHNER CHALLENGE PARK,4321,WELLSBOROUGH,PL,HYDRO ONE,MISSISSAUGA,P-487,OPEN,43.568078,-79.679322,0,0,0,0,0,0,0,0,0,0
5,BONNIE BRAE,2144,ERIN CENTRE,BLVD,CITY OF MISSISSAUGA,MISSISSAUGA,P-155,OPEN,43.575779,-79.711602,0,0,0,0,1,0,0,0,0,0
6,RON SEARLE PARK,1494,PARKRIDGE,RD,CITY OF MISSISSAUGA,MISSISSAUGA,P-214,OPEN,43.598064,-79.55987,0,0,0,0,1,1,0,0,0,0
7,WOOD CREEK,4333,GARNETWOOD CHASE,,CITY OF MISSISSAUGA,MISSISSAUGA,P-210,OPEN,43.644397,-79.605376,0,0,0,0,0,0,0,0,0,0
8,TRAPPER'S GREEN,2390,FOLKWAY,DR,CITY OF MISSISSAUGA,MISSISSAUGA,P-175,OPEN,43.554302,-79.686484,0,0,0,0,1,1,0,0,0,0
9,LAKEVIEW GOLF COURSE,1190,DIXIE,RD,CITY OF MISSISSAUGA,MISSISSAUGA,P-173,OPEN,43.588415,-79.560582,0,0,0,0,0,0,0,0,0,0
10,ST. LAWRENCE PARK,75,ST. LAWRENCE,DR,CITY OF MISSISSAUGA,MISSISSAUGA,P-435,OPEN,43.553437,-79.580461,0,0,0,0,0,1,0,0,0,0
11,NOT YET NAMED (P-434) *(BETWEEN DERRY RD W AND OLD DERRY| SOUTH OF GAZETTE GATE),1455,OLD DERRY,RD,CITY OF MISSISSAUGA,MISSISSAUGA,P-434,OPEN,43.618584,-79.738159,0,0,0,0,0,0,0,0,0,0
12,SONOMA PARK,5565,TERRY FOX,WAY,CITY OF MISSISSAUGA,MISSISSAUGA,P-394,OPEN,43.599138,-79.688015,0,0,0,0,0,1,1,1,0,0
13,OSPREY WOODS,6076,OSPREY,BLVD,CITY OF MISSISSAUGA,MISSISSAUGA,P-392,OPEN,43.56369,-79.761194,0,0,0,0,0,0,0,0,0,0
14,NOT YET NAMED (P-358) *(SOUTH OF LAKESHORE RD E AND DIXIE RD),1440,LAKESHORE,RD,CITY OF MISSISSAUGA,MISSISSAUGA,P-358,WIP,43.584638,-79.548051,0,0,0,0,0,0,0,0,0,0
15,BARONDALE GREEN,150,BARONDALE,DR,CITY OF MISSISSAUGA,MISSISSAUGA,P-356,OPEN,43.618122,-79.66184,0,0,0,0,0,1,1,0,0,0
16,CLOVER MEADOWS,1090,WHITE CLOVER,WAY,CITY OF MISSISSAUGA,MISSISSAUGA,P-321,OPEN,43.580528,-79.674046,0,0,0,0,1,1,2,1,0,0
17,INDIAN GATE,1415,INDIAN,RD,CITY OF MISSISSAUGA,MISSISSAUGA,P-320,OPEN,43.536118,-79.630291,0,0,0,0,0,0,0,0,0,0
18,NORTHWOOD PARK,3830,BRANDON GATE,DR,CITY OF MISSISSAUGA,MISSISSAUGA,P-065,OPEN,43.733307,-79.63962,0,0,0,0,1,1,3,0,0,0
19,CHERRY HILL,828,FLAGSHIP,DR,CITY OF MISSISSAUGA,MISSISSAUGA,P-064,OPEN,43.601846,-79.603055,0,0,0,0,0,1,0,0,0,0
20,KNIGHTS OF COLUMBUS PLACE,2450,MAVIS,RD,CITY OF MISSISSAUGA,MISSISSAUGA,P-140,OPEN,43.562752,-79.627228,0,0,0,0,0,0,0,0,0,0
21,TWIN SPRUCE PARK,2013,LAKESHORE,RD,CITY OF MISSISSAUGA,MISSISSAUGA,P-139,OPEN,43.511983,-79.629859,0,0,0,0,0,0,0,0,0,0
22,RED OAKS PARK,260,KING,ST,CITY OF MISSISSAUGA,MISSISSAUGA,P-103,OPEN,43.583516,-79.607063,0,0,0,0,0,0,0,0,0,0
23,LAKE AQUITAINE PARK,2750,AQUITAINE,AVE,CITY OF MISSISSAUGA,MISSISSAUGA,P-102,OPEN,43.587494,-79.753678,0,2,0,0,0,0,0,0,1,0
24,CEDARBRAE PARK,565,LOLITA,GDNS,CITY OF MISSISSAUGA,MISSISSAUGA,P-076,OPEN,43.59349,-79.606534,0,0,0,0,0,1,0,0,0,0
25,LAKESIDE PARK,2268,LAKESHORE,RD,JOINT OWNERSHIP,MISSISSAUGA,P-037,OPEN,43.493907,-79.614306,0,0,0,0,0,1,0,0,1,0
26,WOODLAND CHASE TRAIL,1760,THE CHASE,,CITY OF MISSISSAUGA,MISSISSAUGA,P-269,OPEN,43.5612,-79.707161,0,0,0,0,0,0,0,0,0,0
27,WOODLAND CHASE,2042,KEMPTON PARK,DR,CITY OF MISSISSAUGA,MISSISSAUGA,P-268,OPEN,43.562239,-79.699018,0,0,0,0,1,1,2,0,0,0
28,VICTORY PARK,3055,VICTORY,CRES,CITY OF MISSISSAUGA,MISSISSAUGA,P-001,OPEN,43.709666,-79.645482,0,0,0,0,0,1,0,0,0,0
29,HELEN MOLASY MEMORIAL PARK,528,RICHEY,CRES,CITY OF MISSISSAUGA,MISSISSAUGA,P-261,OPEN,43.565406,-79.566613,0,0,0,0,0,0,0,0,0,0
30,SCHOLARS' GREEN,275,PRINCE OF WALES,DR,CITY OF MISSISSAUGA,MISSISSAUGA,P-506,OPEN,43.590913,-79.647554,0,0,0,0,0,0,0,0,0,0
31,O'CONNOR PARK,3570,BALA,DR,CITY OF MISSISSAUGA,MISSISSAUGA,P-450,OPEN,43.553055,-79.739747,0,0,0,0,0,0,0,0,0,0
32,NOT TO BE NAMED (P-249) *(BETWEEN 410 AND DIXIE NORTH OF ORDAN RD),6616,DIXIE,RD,CITY OF MISSISSAUGA,MISSISSAUGA,P-249,OPEN,43.65521,-79.680337,0,0,0,0,0,0,0,0,0,0
33,PROMENADE MEADOWS,7099,DANTON PROMENADE,,CITY OF MISSISSAUGA,MISSISSAUGA,P-216,OPEN,43.588157,-79.776249,0,0,0,0,1,1,0,1,0,0
34,NOT YET NAMED (P-453) *(BETWEEN NINTH LINE AND 407| NORTH OF DERRY RD),7238,NINTH LINE,,CITY OF MISSISSAUGA,MISSISSAUGA,P-453,WIP,43.57734,-79.793455,0,0,0,0,0,0,0,0,0,0
35,NOT YET NAMED (P-452) *(BUSSEL HOUSE),7430,NINTH LINE,,CITY OF MISSISSAUGA,MISSISSAUGA,P-452,WIP,43.584418,-79.803001,0,0,0,0,0,0,0,0,0,0
36,SHERWOODTOWNE GREEN,4275,SHERWOODTOWNE,BLVD,CITY OF MISSISSAUGA,MISSISSAUGA,P-217,OPEN,43.600784,-79.640347,0,0,0,0,0,0,0,0,0,0
37,SPRINGBANK MEADOWS,2210,SPRINGBANK,RD,CITY OF MISSISSAUGA,MISSISSAUGA,P-215,OPEN,43.534305,-79.646095,0,0,0,0,0,0,0,0,0,0
38,COPPERSMITH GROVE,2430,COPPERSMITH,CRT,CITY OF MISSISSAUGA,MISSISSAUGA,P-177,OPEN,43.553226,-79.690516,0,0,0,0,0,0,0,0,0,0
39,SAWMILL CREEK,3606,SAWMILL VALLEY,DR,CITY OF MISSISSAUGA,MISSISSAUGA,P-176,OPEN,43.55032,-79.678955,0,0,0,0,0,0,0,0,0,0
40,NOT YET NAMED (P-438) *(EAST OF CLARKSON RD N| SE OF THE PINES),1233,CLARKSON,RD,CITY OF MISSISSAUGA,MISSISSAUGA,P-438,OPEN,43.523008,-79.627392,0,0,0,0,0,0,0,0,0,0
41,NOT YET NAMED (P-436) *(BETWEEN ST LAWRENCE DR AND ELMWOOD AVE SOUTH| SW OF LAKESHORE RD E),165,ST. LAWRENCE,DR,CITY OF MISSISSAUGA,MISSISSAUGA,P-436,OPEN,43.556848,-79.579606,0,0,0,0,0,0,0,0,0,0
42,GODWICK GREEN,1371,GODWICK,DR,CITY OF MISSISSAUGA,MISSISSAUGA,P-396,OPEN,43.623063,-79.741376,0,0,0,0,0,1,0,1,0,0
43,GOODERHAM PARK,6938,GOODERHAM ESTATE,BLVD,CITY OF MISSISSAUGA,MISSISSAUGA,P-395,OPEN,43.628657,-79.724155,0,0,0,0,0,1,1,1,0,0
44,PARAMOUNT FINE FOODS CENTRE,5500,ROSE CHERRY,PL,CITY OF MISSISSAUGA,MISSISSAUGA,P-360,OPEN,43.635087,-79.657724,0,0,0,0,0,0,0,0,0,0
46,LAKEFRONT PROMENADE,800,LAKEFRONT PROMENADE,,CITY OF MISSISSAUGA,MISSISSAUGA,P-323,OPEN,43.566292,-79.559242,0,0,0,0,0,1,0,0,1,0
47,SANDFORD FARM,845,WHITE CLOVER,WAY,CITY OF MISSISSAUGA,MISSISSAUGA,P-322,OPEN,43.587838,-79.669114,0,0,0,1,0,1,2,0,0,0
48,RICHARD'S MEMORIAL PARK,804,LAKESHORE,RD,CITY OF MISSISSAUGA,MISSISSAUGA,P-067,OPEN,43.536001,-79.600224,0,0,0,0,0,1,0,0,0,0
49,CREDIT RIVER FLATS,350,MINEOLA,RD,CITY OF MISSISSAUGA,MISSISSAUGA,P-066,OPEN,43.554009,-79.598441,0,0,0,0,0,0,0,0,0,0
50,TALL OAKS PARK,44,ELMWOOD,AVE,CITY OF MISSISSAUGA,MISSISSAUGA,P-142,OPEN,43.555199,-79.576781,0,0,0,0,0,0,0,0,0,0
51,MULLET CREEK PARK,6720,CENTURY,AVE,CITY OF MISSISSAUGA,MISSISSAUGA,P-141,OPEN,43.602425,-79.751471,0,0,0,0,0,0,0,0,0,0
52,LYNDWOOD PARK,495,ATWATER,AVE,CITY OF MISSISSAUGA,MISSISSAUGA,P-105,OPEN,43.571298,-79.577888,0,0,0,0,0,1,0,2,0,0
53,PETRESCUE PARK,1000,HALLIDAY,AVE,CITY OF MISSISSAUGA,MISSISSAUGA,P-104,OPEN,43.58196,-79.566422,0,0,0,0,0,1,0,1,0,0
55,FLEETWOOD PARK,2000,BURNHAMTHORPE,RD,CITY OF MISSISSAUGA,MISSISSAUGA,P-077,OPEN,43.63339,-79.586625,1,0,0,0,0,1,2,1,0,0
56,NOT TO BE NAMED (P-271) *(N|S| AND EAST OF ONEIDA CRT),2230,ONEIDA,CRES,CITY OF MISSISSAUGA,MISSISSAUGA,P-271,OPEN,43.555739,-79.621325,0,0,0,0,0,0,0,0,0,0
58,WHITEOAKS PARK,1450,TRUSCOTT,DR,JOINT OWNERSHIP,MISSISSAUGA,P-003,OPEN,43.529074,-79.629276,0,0,0,0,1,2,0,0,0,0
59,SERSON PARK,1100,PELHAM,AVE,JOINT OWNERSHIP,MISSISSAUGA,P-002,OPEN,43.582502,-79.561431,0,2,0,0,1,1,0,0,1,0
60,NOT YET NAMED (P-514)*,0,OSPREY,BLVD,CITY OF MISSISSAUGA,MISSISSAUGA,P-514,OPEN,43.571371,-79.780138,0,0,0,0,0,0,0,0,0,0
61,NOT TO BE NAMED (P-303) *(SW OF POETS WALK AND DURIE RD),5444,DURIE,RD,CITY OF MISSISSAUGA,MISSISSAUGA,P-303,OPEN,43.582383,-79.705693,0,0,0,0,0,0,0,0,0,0
62,CASTLEBRIDGE COMMON,2636,CASTLEBRIDGE,DR,CITY OF MISSISSAUGA,MISSISSAUGA,P-344,OPEN,43.568862,-79.728369,0,0,0,0,0,1,1,1,0,0
63,TOTOREDACA PARK,2715,MEADOWVALE,BLVD,CITY OF MISSISSAUGA,MISSISSAUGA,P-284,OPEN,43.610402,-79.768832,0,0,0,0,0,0,2,0,0,0
64,NOT YET NAMED (P-456) *(SOUTH OF DOUG LEAVENS BLVD AND NINTH LINE),6400,NINTH LINE,,CITY OF MISSISSAUGA,MISSISSAUGA,P-456,WIP,43.562722,-79.773913,0,0,0,0,0,0,0,0,0,0
65,NOT YET NAMED (P-455) *(WEST OF DOUG LEAVENS BLVD AND NINTH LINE),6500,NINTH LINE,,CITY OF MISSISSAUGA,MISSISSAUGA,P-455,WIP,43.566951,-79.778278,0,0,0,0,0,0,0,0,0,0
66,VISTA HEIGHTS PARK,5779,TURNEY,DR,CITY OF MISSISSAUGA,MISSISSAUGA,P-219,OPEN,43.57668,-79.726689,0,0,0,0,1,1,0,0,0,0
67,MOUNT CHARLES PARK,1265,CARDIFF,BLVD,CITY OF MISSISSAUGA,MISSISSAUGA,P-218,OPEN,43.677317,-79.682586,0,0,0,0,0,0,0,2,0,0
68,FATHER JOSEPH A. NOLAN PARK,7385,FINERY,CRES,CITY OF MISSISSAUGA,MISSISSAUGA,P-179,OPEN,43.731791,-79.630069,0,0,0,0,0,1,0,0,0,0
69,SHALEBANK HOLLOW,2009,FOLKWAY,DR,CITY OF MISSISSAUGA,MISSISSAUGA,P-178,OPEN,43.558478,-79.686227,0,0,0,0,0,0,0,0,0,0
70,PALETTE PARK,615,RENSHAW,CRT,CITY OF MISSISSAUGA,MISSISSAUGA,P-440,OPEN,43.544735,-79.599847,0,0,0,0,0,1,0,0,0,0
71,PAINTERS GREEN,1305,COBALT,ST,CITY OF MISSISSAUGA,MISSISSAUGA,P-439,OPEN,43.544743,-79.608743,0,0,0,0,0,0,0,0,0,0
72,COOPERS COMMON,7120,APPLETREE,LANE,CITY OF MISSISSAUGA,MISSISSAUGA,P-399,OPEN,43.630003,-79.730093,0,0,0,0,0,1,0,0,0,0
73,MISSINIHE PARK,7225,WALDORF,WAY,CITY OF MISSISSAUGA,MISSISSAUGA,P-398,OPEN,43.625204,-79.736089,0,0,0,0,0,1,0,0,0,0
74,NOT TO BE NAMED (P-363) *(BETWEEN SPEAKMAN DR AND NORTH SHERIDAN WAY),2610,SPEAKMAN,DR,CITY OF MISSISSAUGA,MISSISSAUGA,P-363,OPEN,43.513691,-79.661796,0,0,0,0,0,0,0,0,0,0
75,NOT YET NAMED (P-361) *(BETWEEN QUEENSWAY WEST AND MISSISSAUGA HEIGHTS),970,QUEENSWAY,,CITY OF MISSISSAUGA,MISSISSAUGA,P-361,OPEN,43.552945,-79.631059,0,0,0,0,0,0,0,0,0,0
76,MIDDLEBURY GREEN,5510,MIDDLEBURY,DR,CITY OF MISSISSAUGA,MISSISSAUGA,P-325,OPEN,43.565482,-79.724173,0,0,0,0,1,1,2,1,0,0
78,PEEL GARDENS,1220,HURONTARIO,ST,CITY OF MISSISSAUGA,MISSISSAUGA,P-069,OPEN,43.559247,-79.587692,0,0,0,0,0,0,0,0,0,0
79,BRANDON GATE PARK,3545,BRANDON GATE,DR,CITY OF MISSISSAUGA,MISSISSAUGA,P-068,OPEN,43.727634,-79.647817,0,0,0,0,0,1,0,0,0,0
80,SHERWOOD GREEN,1864,DEER'S WOLD,,CITY OF MISSISSAUGA,MISSISSAUGA,P-147,OPEN,43.539007,-79.659461,0,1,0,0,1,1,0,0,0,0
81,ORCHARD HILL,1055,DETA,RD,CITY OF MISSISSAUGA,MISSISSAUGA,P-145,OPEN,43.587558,-79.549481,0,0,0,0,0,1,0,0,0,0
82,HIAWATHA PARK,76,CUMBERLAND,DR,CITY OF MISSISSAUGA,MISSISSAUGA,P-108,OPEN,43.558074,-79.571416,0,0,0,0,0,1,0,0,0,0
83,BEN MACHREE PARK,61,BEN MACHREE,DR,CITY OF MISSISSAUGA,MISSISSAUGA,P-107,OPEN,43.540776,-79.588526,0,0,0,0,0,1,0,0,0,0
84,LEWIS BRADLEY PARK,750,INVERHOUSE,DR,CITY OF MISSISSAUGA,MISSISSAUGA,P-081,OPEN,43.507304,-79.621313,0,0,0,0,1,1,1,0,0,0
85,GORDON LUMMISS PARK,236,PAISLEY,BLVD,CITY OF MISSISSAUGA,MISSISSAUGA,P-080,OPEN,43.570785,-79.616517,0,0,0,0,1,1,1,0,0,0
86,HURON HEIGHTS,4500,CENTRAL,PKY,CITY OF MISSISSAUGA,MISSISSAUGA,P-273,OPEN,43.609955,-79.641813,0,0,0,1,1,1,2,1,1,0
87,TURTLE GLEN,1093,FEELEY,CRT,CITY OF MISSISSAUGA,MISSISSAUGA,P-272,OPEN,43.516847,-79.62757,0,0,0,0,0,0,0,0,0,0
88,DELLWOOD PARK,598,ARBOR,RD,CITY OF MISSISSAUGA,MISSISSAUGA,P-005,OPEN,43.574433,-79.576862,0,2,0,0,1,1,0,0,0,0
89,HILLSIDE PARK,1311,KELLY,RD,CITY OF MISSISSAUGA,MISSISSAUGA,P-004,OPEN,43.510346,-79.646743,0,0,0,0,0,1,0,0,0,0
90,KARIYA PARK,3620,KARIYA,DR,CITY OF MISSISSAUGA,MISSISSAUGA,P-231,OPEN,43.589686,-79.636207,0,0,0,0,0,0,0,0,0,0
91,HANCOCK WOODLANDS,2171,CAMILLA,RD,CITY OF MISSISSAUGA,MISSISSAUGA,P-508,WIP,43.57653,-79.598364,0,0,0,0,0,0,0,0,0,0
92,NOT TO BE NAMED (P-515)*,1677,SUNNINGDALE BEND,,,MISSISSAUGA,P-515,OPEN,43.516456,-79.618721,0,0,0,0,0,0,0,0,0,0
93,LEVI'S VALLEY,1575,WESTBRIDGE,WAY,CITY OF MISSISSAUGA,MISSISSAUGA,P-384,OPEN,43.62066,-79.750622,0,0,0,0,0,0,0,0,0,0
94,BELL HARBOUR PARK,5820,BELL HARBOUR,DR,CITY OF MISSISSAUGA,MISSISSAUGA,P-345,OPEN,43.572948,-79.730971,0,0,0,0,1,1,1,1,0,0
95,NOT YET NAMED (P-458) *(WEST OF OSPREY BLVD ON NINTH LINE),6168,NINTH LINE,,CITY OF MISSISSAUGA,MISSISSAUGA,P-458,WIP,43.558448,-79.767885,0,0,0,0,0,0,0,0,0,0
96,NOT YET NAMED (P-457) *(WEST OF SARATOGA WAY ON NINTH LINE),6376,NINTH LINE,,CITY OF MISSISSAUGA,MISSISSAUGA,P-457,WIP,43.560486,-79.770535,0,0,0,0,0,0,0,0,0,0
97,CLARKE HALL GROUNDS,161,LAKESHORE,RD,CITY OF MISSISSAUGA,MISSISSAUGA,P-223,OPEN,43.548006,-79.588633,0,0,0,0,0,0,0,0,0,0
98,MEADOWVALE FOUR RINKS GROUNDS,2160,TORQUAY,MEWS,CITY OF MISSISSAUGA,MISSISSAUGA,P-222,OPEN,43.595264,-79.740898,0,0,0,0,0,0,0,0,0,0
99,BISHOPSTOKE PARK,4160,BISHOPSTOKE,LANE,CITY OF MISSISSAUGA,MISSISSAUGA,P-181,OPEN,43.599843,-79.636315,0,0,0,0,0,0,0,0,0,0
100,WOODINGTON GREEN,4175,WOODINGTON,DR,CITY OF MISSISSAUGA,MISSISSAUGA,P-180,OPEN,43.606213,-79.634603,0,0,2,0,0,1,1,0,0,0
101,WHITE WILLOW COMMON,6425,SPINNAKER,CIR,CITY OF MISSISSAUGA,MISSISSAUGA,P-442,OPEN,43.62602,-79.70912,0,0,0,0,0,1,0,0,0,0
102,SCOTT'S BRAE,855,BRASS WINDS,PL,CITY OF MISSISSAUGA,MISSISSAUGA,P-441,OPEN,43.623577,-79.715287,0,0,0,0,0,1,1,0,0,0
103,NOVO STAR PARK,640,NOVO STAR,DR,CITY OF MISSISSAUGA,MISSISSAUGA,P-401,OPEN,43.631255,-79.715648,0,0,0,0,0,1,1,1,0,0
104,CITY VIEW PARK,565,CENTRAL,PKY,CITY OF MISSISSAUGA,MISSISSAUGA,P-400,OPEN,43.578298,-79.643834,0,0,0,0,0,1,1,1,0,0
105,JOHNNY BOWER PARK,3919,PARKGATE,DR,CITY OF MISSISSAUGA,MISSISSAUGA,P-365,OPEN,43.558299,-79.760451,0,0,0,0,0,0,0,0,0,0
106,CORDINGLEY PARK,6530,SARATOGA,WAY,CITY OF MISSISSAUGA,MISSISSAUGA,P-364,OPEN,43.563639,-79.770307,0,0,0,0,0,0,1,1,0,0
107,WINDRUSH WOODS,2780,GULFSTREAM,WAY,CITY OF MISSISSAUGA,MISSISSAUGA,P-327,OPEN,43.597729,-79.771711,0,0,0,0,0,1,0,0,0,0
108,SUGAR MAPLE WOODS,5510,GLEN ERIN,DR,CITY OF MISSISSAUGA,MISSISSAUGA,P-326,OPEN,43.561892,-79.728149,0,0,0,0,0,0,0,0,0,0
109,ASHWOOD PARK,2405,CLIFF,RD,CITY OF MISSISSAUGA,MISSISSAUGA,P-072,OPEN,43.584887,-79.60172,0,0,0,0,1,1,0,0,0,0
110,WILLOWCREEK PARK,3115,SUNNYHILL,DR,CITY OF MISSISSAUGA,MISSISSAUGA,P-070,OPEN,43.615419,-79.58452,0,0,0,0,0,1,0,0,0,0
112,JAYCEE PARK,1520,GULLEDEN,DR,CITY OF MISSISSAUGA,MISSISSAUGA,P-148,OPEN,43.624851,-79.598729,0,0,0,0,0,1,0,0,0,0
113,MARINA PARK,15,FRONT,ST,CITY OF MISSISSAUGA,MISSISSAUGA,P-112,OPEN,43.549738,-79.585466,0,0,0,0,0,0,0,0,0,0
114,HAROLD E. KENNEDY PARK,20,ROSEWOOD,AVE,CITY OF MISSISSAUGA,MISSISSAUGA,P-110,OPEN,43.557116,-79.582322,0,0,0,0,0,0,0,0,0,0
115,WOODLAND MEADOWS,910,MCBRIDE,AVE,CITY OF MISSISSAUGA,MISSISSAUGA,P-083,OPEN,43.563754,-79.644271,0,0,0,0,0,0,0,0,0,0
116,STILLMEADOW PARK,2275,STILLMEADOW,RD,CITY OF MISSISSAUGA,MISSISSAUGA,P-082,OPEN,43.56591,-79.614902,0,0,0,0,0,0,0,0,0,0
117,NOT TO BE NAMED (P-275) *(BETWEEN DUNDAS AND HAMMOND),2637,HAMMOND,RD,CITY OF MISSISSAUGA,MISSISSAUGA,P-275,OPEN,43.538079,-79.664012,0,0,0,0,0,0,0,0,0,0
118,NOT TO BE NAMED (P-274) *(BETWEEN HURON HEIGHTS AND CENTRAL PKWY E| SOUTH OF EGLINGTON),333,BUD GREGORY,BLVD,CITY OF MISSISSAUGA,MISSISSAUGA,P-274,OPEN,43.613511,-79.643581,0,0,0,0,0,0,0,0,0,0
119,LAKE WABUKAYNE,2610,INLAKE,CRT,CITY OF MISSISSAUGA,MISSISSAUGA,P-007,OPEN,43.579674,-79.739334,0,0,0,0,0,1,0,0,0,0
120,MEADOWWOOD PARK,484,APPLE,LANE,CITY OF MISSISSAUGA,MISSISSAUGA,P-006,OPEN,43.509012,-79.606884,0,0,0,0,1,1,0,0,0,0
121,LINCOLN HOLLOW,2475,LINCOLN GREEN,WAY,CITY OF MISSISSAUGA,MISSISSAUGA,P-233,OPEN,43.531129,-79.657044,0,0,0,0,0,0,0,0,0,0
122,BELLA VISTA,26,HANSON,RD,CITY OF MISSISSAUGA,MISSISSAUGA,P-232,OPEN,43.585964,-79.626456,0,0,0,0,0,1,0,0,0,0
123,NOT YET NAMED (P-509)* (WEST OF CONFEDERATION AND PRINCES ROYAL DR),4114,CONFEDERATION,PKY,,MISSISSAUGA,P-509,WIP,43.586854,-79.648636,0,0,0,0,0,0,0,0,0,0
124,NOT YET NAMED (P-510)* (BETWEEN INDIAN VALLEY TRAIL AND KENOLLIE AVE| EAST OF STAVEBANK RD),330,INDIAN VALLEY,TR,CITY OF MISSISSAUGA,MISSISSAUGA,P-510,OPEN,43.557189,-79.602131,0,0,0,0,0,0,0,0,0,0
125,BENARES MUSEUM GROUNDS,1503,CLARKSON,RD,CITY OF MISSISSAUGA,MISSISSAUGA,P-415,OPEN,43.528028,-79.636094,0,0,0,0,0,0,0,0,0,0
126,NOT YET NAMED (P-460) *(WEST OF ERIN CENTRE BLVD ALONG NINTH LINE),5250,NINTH LINE,,CITY OF MISSISSAUGA,MISSISSAUGA,P-460,OPEN,43.538583,-79.740613,0,0,0,0,0,0,0,0,0,0
127,NOT YET NAMED (P-459) *(CHURCHILL MEADOWS COMMUNITY PARK),5320,NINTH LINE,,CITY OF MISSISSAUGA,MISSISSAUGA,P-459,WIP,43.541783,-79.745147,0,0,0,0,0,0,0,0,0,0
128,DERRY SIDE GREEN,7889,TRANMERE,DR,CITY OF MISSISSAUGA,MISSISSAUGA,P-225,OPEN,43.678491,-79.671871,0,0,0,0,0,0,2,0,0,0
129,DUNTON ATHLETIC FIELDS,6180,KENNEDY,RD,CITY OF MISSISSAUGA,MISSISSAUGA,P-224,OPEN,43.638396,-79.674588,0,0,0,0,0,0,0,4,0,0
131,LORNEWOOD CREEK TRAIL,880,QUEEN,ST,CITY OF MISSISSAUGA,MISSISSAUGA,P-182,OPEN,43.537194,-79.605689,0,0,0,0,0,0,0,0,0,0
132,ERIN MEADOWS,2800,ERIN CENTRE,BLVD,CITY OF MISSISSAUGA,MISSISSAUGA,P-447,OPEN,43.555333,-79.71798,0,6,0,0,0,0,0,0,0,0
134,SPARLING WOODS,3800,ERIN CENTRE,BLVD,CITY OF MISSISSAUGA,MISSISSAUGA,P-404,OPEN,43.541419,-79.736744,0,0,0,0,0,0,0,0,0,0
135,NOT YET NAMED (P-403) *(BETWEEN TENTH LINE AND OSCAR PETERSON BLVD| SOUTH OF THOMAS),5515,TENTH LINE WEST,,CITY OF MISSISSAUGA,MISSISSAUGA,P-403,OPEN,43.557849,-79.738483,0,0,0,0,0,0,0,0,0,0
136,F.B. MCFARREN MEMORIAL PARK,5255,MCFARREN,BLVD,CITY OF MISSISSAUGA,MISSISSAUGA,P-367,OPEN,43.567876,-79.717163,0,0,0,0,0,1,1,0,0,0
137,DUNN PARK,4066,ERIN MILLS,PKY,CITY OF MISSISSAUGA,MISSISSAUGA,P-366,OPEN,43.54892,-79.689167,0,0,0,0,0,0,0,0,0,0
138,APPLEDALE PARK,1325,LAKESHORE,RD,CITY OF MISSISSAUGA,MISSISSAUGA,P-329,OPEN,43.583983,-79.552326,0,0,0,0,0,0,0,0,0,0
139,MEADOWVALE CONSERVATION AREA,1081,OLD DERRY,RD,CREDIT VALLEY CONSERVATION,MISSISSAUGA,P-328,OPEN,43.628579,-79.743822,0,0,0,0,0,0,0,0,0,0
140,CAWTHRA PARK,1399,CAWTHRA,RD,CITY OF MISSISSAUGA,MISSISSAUGA,P-074,OPEN,43.580648,-79.57735,0,0,0,0,0,0,1,0,0,0
141,CLARKSON PARK,1125,WINSTON CHURCHILL,BLVD,CITY OF MISSISSAUGA,MISSISSAUGA,P-073,OPEN,43.500999,-79.647123,1,0,0,0,1,1,1,0,0,0
142,FORESTVIEW PARK,2021,BARSUDA,DR,CITY OF MISSISSAUGA,MISSISSAUGA,P-039,OPEN,43.518814,-79.636266,0,0,0,0,0,1,0,0,0,0
143,PLOWMAN'S PARK,6411,GLEN ERIN,DR,CITY OF MISSISSAUGA,MISSISSAUGA,P-150,OPEN,43.582354,-79.750246,0,0,0,0,0,1,0,0,0,0
144,FRANK DOWLING PARK,16,BROOKSIDE,DR,CITY OF MISSISSAUGA,MISSISSAUGA,P-115,OPEN,43.584732,-79.722714,0,0,0,0,0,0,0,1,0,0
145,STREETSVILLE MEMORIAL PARK,335,CHURCH,ST,CITY OF MISSISSAUGA,MISSISSAUGA,P-114,OPEN,43.579964,-79.707009,0,0,1,0,0,1,2,1,0,0
146,PATHFINDER WAY,1510,ARGENTIA,RD,CITY OF MISSISSAUGA,MISSISSAUGA,P-085,OPEN,43.607935,-79.727385,0,0,0,0,0,0,0,0,0,0
147,RICHARD JONES PARK,181,WHITCHURCH,MEWS,CITY OF MISSISSAUGA,MISSISSAUGA,P-084,OPEN,43.58747,-79.61482,0,0,0,0,0,0,0,0,0,0
148,LESLIE TRAIL,2199,MEADOWVALE,BLVD,CITY OF MISSISSAUGA,MISSISSAUGA,P-277,OPEN,43.60952,-79.765625,0,0,0,0,0,0,0,0,0,0
149,MEADOWVALE SPORTS PARK,2255,MEADOWVALE,BLVD,CITY OF MISSISSAUGA,MISSISSAUGA,P-276,OPEN,43.607221,-79.76154,1,0,0,0,0,0,1,2,0,0
150,TWIN OAKS PARK,1265,TWIN OAKS DELL,,CITY OF MISSISSAUGA,MISSISSAUGA,P-009,OPEN,43.531654,-79.619298,0,0,0,0,0,1,0,0,0,0
151,SANDGATE PARK,1650,SANDGATE,CRES,CITY OF MISSISSAUGA,MISSISSAUGA,P-008,OPEN,43.509327,-79.655852,0,0,0,0,0,1,0,1,0,0
152,NOT TO BE NAMED (P-235) *(NE OF DUNDAS AND WINSTON CHURCHILL),3060,WOODCHESTER,DR,CITY OF MISSISSAUGA,MISSISSAUGA,P-235,OPEN,43.527078,-79.680732,0,0,0,0,0,0,0,0,0,0
153,NOT TO BE NAMED (P-234) * (BETWEEN KNARESWOOD DR AND PINE TREE CRES),1527,KNARESWOOD,DR,JOINT OWNERSHIP,MISSISSAUGA,P-234,OPEN,43.555332,-79.609019,0,0,0,0,0,0,0,0,0,0
154,NOT YET NAMED (P-513)*,0,ZAHAVY,WAY,CITY OF MISSISSAUGA,MISSISSAUGA,P-513,OPEN,43.701625,-79.613538,0,0,0,0,0,0,0,0,0,0
155,NOT TO BE NAMED (P-511)*,0,LORNE PARK,RD,CITY OF MISSISSAUGA,MISSISSAUGA,P-511,OPEN,43.532129,-79.617983,0,0,0,0,0,0,0,0,0,0
156,SAMUEL COMMON,6893,GOLDEN HILLS,WAY,CITY OF MISSISSAUGA,MISSISSAUGA,P-444,OPEN,43.635362,-79.710962,0,0,0,0,0,1,1,0,0,0
157,NEEBIN PARK,635,KAISER,DR,CITY OF MISSISSAUGA,MISSISSAUGA,P-443,OPEN,43.638424,-79.723493,0,0,0,0,0,1,1,0,1,0
158,NOT YET NAMED (P-462) *(NORTH OF 403 ALONG MISSISSAUGA RD) (PINCHIN FARM),4415,MISSISSAUGA,RD,CITY OF MISSISSAUGA,MISSISSAUGA,P-462,WIP,43.564995,-79.687316,0,0,0,0,0,0,0,0,0,0
159,FRESCO WAY,600,CANYON,ST,CITY OF MISSISSAUGA,MISSISSAUGA,P-461,OPEN,43.546157,-79.603444,0,0,0,0,0,0,0,0,0,0
160,SOUTH MILLWAY GREEN,3465,SOUTH MILLWAY,,CITY OF MISSISSAUGA,MISSISSAUGA,P-227,OPEN,43.546835,-79.677332,0,0,0,0,0,1,0,0,0,0
161,R.K. MCMILLAN PARK,830,AVIATION,RD,CITY OF MISSISSAUGA,MISSISSAUGA,P-226,OPEN,43.565863,-79.563908,0,0,0,0,0,0,0,0,0,0
162,SYED JALALUDDIN MEMORIAL PARK,490,MISSISSAUGA VALLEY,BLVD,CITY OF MISSISSAUGA,MISSISSAUGA,P-186,OPEN,43.590521,-79.612604,0,0,0,0,1,1,0,0,0,0
163,ROCKWOOD GLEN,4247,HARTFIELD,GROV,CITY OF MISSISSAUGA,MISSISSAUGA,P-185,OPEN,43.630492,-79.605426,0,0,0,0,0,1,1,0,0,0
164,MEADOWVALE VILLAGE GREEN,985,OLD DERRY,RD,CITY OF MISSISSAUGA,MISSISSAUGA,P-449,OPEN,43.627362,-79.727798,0,0,0,0,0,0,0,0,0,0
165,NOT YET NAMED (P-448) *(SE OF LORELAND DR),2385,LORELAND,AVE,CITY OF MISSISSAUGA,MISSISSAUGA,P-448,WIP,43.611932,-79.568779,0,0,0,0,0,0,0,0,0,0
166,SAMUELSON PARK,1815,SAMUELSON,CIR,CITY OF MISSISSAUGA,MISSISSAUGA,P-405,OPEN,43.62444,-79.748166,0,0,0,0,0,1,4,0,0,0
167,PINE TREE HILL,2099,BURNHAMTHORPE,RD,CITY OF MISSISSAUGA,MISSISSAUGA,P-369,OPEN,43.547337,-79.683178,0,0,0,0,0,0,0,0,0,0
168,ASPEN RIDGE,7290,ASPEN,AVE,CITY OF MISSISSAUGA,MISSISSAUGA,P-332,OPEN,43.59089,-79.781901,0,0,0,0,0,1,1,0,0,0
169,RIVERWOOD,4190,RIVERWOOD PARK,LANE,CITY OF MISSISSAUGA,MISSISSAUGA,P-331,OPEN,43.564272,-79.674742,0,0,0,0,0,0,0,0,0,0
170,CRAWFORD GREEN,4565,GLEN ERIN,DR,CITY OF MISSISSAUGA,MISSISSAUGA,P-299,OPEN,43.554022,-79.708256,0,0,0,0,0,1,2,0,0,0
171,BLOOR ATHLETIC FIELD,830,LEXICON,DR,CITY OF MISSISSAUGA,MISSISSAUGA,P-075,OPEN,43.606226,-79.607148,0,0,0,0,0,0,0,1,0,0
172,LORNE PARK COMMUNITY CENTRE,1288,LORNE PARK,RD,CITY OF MISSISSAUGA,MISSISSAUGA,P-041,OPEN,43.531123,-79.621973,0,0,0,0,0,0,0,0,0,0
173,VALLEY PARK,1666,TARN,RD,CITY OF MISSISSAUGA,MISSISSAUGA,P-040,OPEN,43.605741,-79.562202,0,0,0,0,0,0,0,0,0,0
174,GLENDENNING PARK,50,FALCONER,DR,CITY OF MISSISSAUGA,MISSISSAUGA,P-117,OPEN,43.596939,-79.728446,0,0,0,0,0,0,0,0,0,0
175,GATINEAU GREEN,116,FALCONER,DR,CITY OF MISSISSAUGA,MISSISSAUGA,P-116,OPEN,43.601378,-79.729615,0,0,0,0,0,1,0,0,0,0
176,DIXIE WOODS,1385,WINDING,TR,CITY OF MISSISSAUGA,MISSISSAUGA,P-088,OPEN,43.619872,-79.600408,0,0,0,0,0,0,0,0,0,0
178,THORNCREST PARK,3295,THORNCREST,DR,CITY OF MISSISSAUGA,MISSISSAUGA,P-280,OPEN,43.53173,-79.708692,0,0,0,0,0,1,0,0,0,0
179,TRELAWNY WOODS,3500,TRELAWNY,CIR,CITY OF MISSISSAUGA,MISSISSAUGA,P-279,OPEN,43.572811,-79.77042,0,0,0,0,0,1,1,0,0,0
180,APPLEWOOD HEIGHTS,3119,CONSTITUTION,BLVD,CITY OF MISSISSAUGA,MISSISSAUGA,P-011,OPEN,43.606822,-79.592859,0,4,0,0,0,1,1,0,0,0
181,VANESSA PARK,1365,WATESKA,BLVD,CITY OF MISSISSAUGA,MISSISSAUGA,P-010,OPEN,43.548907,-79.606264,0,0,0,0,1,1,0,0,0,0
182,NOT TO BE NAMED (P-237) *(SE OF ELAINE TR| NW OF CLAREDALE RD),360,ORANO,AVE,CITY OF MISSISSAUGA,MISSISSAUGA,P-237,OPEN,43.570523,-79.584699,0,0,0,0,0,0,0,0,0,0
183,NOT YET NAMED (P-236) *(EAST OF CREEBANK RD BETWEEN EGLINGTON AND 401),1920,SISMET,RD,CITY OF MISSISSAUGA,MISSISSAUGA,P-236,OPEN,43.649896,-79.6159,0,0,0,0,0,0,0,0,0,0
184,COOKSVILLE FOUR CORNERS,10,DUNDAS,ST,,MISSISSAUGA,P-518,OPEN,43.580264,-79.615847,0,0,0,0,0,0,0,0,0,0
185,NOT YET NAMED (P-517)*,0,NINTH LINE,,,MISSISSAUGA,P-517,OPEN,43.555905,-79.763387,0,0,0,0,0,0,0,0,0,0
186,CABANO HILL PARK,5335,OSCAR PETERSON,BLVD,CITY OF MISSISSAUGA,MISSISSAUGA,P-490,OPEN,43.552409,-79.727528,0,0,0,0,0,0,0,0,0,0
187,MISSISSAUGA - MEADOWVALE ROTARY PARK,3302,TACC,DR,CITY OF MISSISSAUGA,MISSISSAUGA,P-489,OPEN,43.548848,-79.734029,0,0,0,0,0,0,3,0,0,0
188,AQUINAS PARK,3400,AQUINAS,AVE,CITY OF MISSISSAUGA,MISSISSAUGA,P-463,OPEN,43.541809,-79.720935,0,0,0,1,0,1,3,0,0,0
189,CREDITVIEW WOODS,899,RATHBURN,RD,CITY OF MISSISSAUGA,MISSISSAUGA,P-229,OPEN,43.581083,-79.661715,0,0,0,0,0,0,1,1,0,0
190,WOODCHUCK GREEN,3980,WOODCHUCK,LANE,CITY OF MISSISSAUGA,MISSISSAUGA,P-228,OPEN,43.55366,-79.678807,1,0,0,0,0,0,0,0,0,0
191,GOLDEN ORCHARD PARK,1261,SCOTTSBURG,CRES,CITY OF MISSISSAUGA,MISSISSAUGA,P-189,OPEN,43.621957,-79.60766,0,0,0,0,1,1,0,0,0,0
192,HEATHERLEIGH PARK,5284,HEATHERLEIGH,AVE,CITY OF MISSISSAUGA,MISSISSAUGA,P-368,OPEN,43.594248,-79.680884,0,0,0,0,0,1,0,1,0,0
193,ASHGATE PARK,846,RATHBURN,RD,CITY OF MISSISSAUGA,MISSISSAUGA,P-187,OPEN,43.579175,-79.658352,0,0,0,0,0,1,0,0,0,0
194,PARKWAY GREEN,4215,CENTRAL,PKY,CITY OF MISSISSAUGA,MISSISSAUGA,P-152,OPEN,43.605569,-79.631094,0,0,0,0,0,1,0,0,0,0
195,SOUTH COMMON,3555,GLEN ERIN,DR,CITY OF MISSISSAUGA,MISSISSAUGA,P-151,OPEN,43.541107,-79.686392,1,0,0,0,0,1,1,0,1,0
196,NOT TO BE NAMED (P-241) *(NE OF SHAWANAGA TR),2199,SHAWANAGA,TR,CITY OF MISSISSAUGA,MISSISSAUGA,P-241,OPEN,43.543252,-79.655594,0,0,0,0,0,0,0,0,0,0
197,JON CLIPPERTON PARK,190,CHURCH,ST,CITY OF MISSISSAUGA,MISSISSAUGA,P-512,OPEN,43.582152,-79.712937,0,0,0,0,0,0,0,0,0,0
198,UNION PARK,6627,TENTH LINE WEST,,CITY OF MISSISSAUGA,MISSISSAUGA,P-519,OPEN,43.580294,-79.769402,0,2,0,0,0,1,0,0,0,0
199,SHELBY PARK,4220,SHELBY,CRES,CITY OF MISSISSAUGA,MISSISSAUGA,P-198,OPEN,43.614766,-79.62114,0,0,0,0,0,1,0,0,0,0
201,ERIN CENTRE TRAIL,3145,ARTESIAN,DR,CITY OF MISSISSAUGA,MISSISSAUGA,P-470,OPEN,43.545657,-79.719855,0,0,0,0,0,0,0,0,0,0
202,NOT YET NAMED (P-469) *(EAST OF LANGPORT CRT ALONG MCLAUGHLIN RD),5605,MCLAUGHLIN,RD,CITY OF MISSISSAUGA,MISSISSAUGA,P-469,OPEN,43.609875,-79.678677,0,0,0,0,0,0,0,0,0,0
203,BRADLEY MUSEUM GROUNDS,1620,ORR,RD,CITY OF MISSISSAUGA,MISSISSAUGA,P-406,OPEN,43.51193,-79.611149,0,0,0,0,0,0,0,0,0,0
204,CASTLEGREEN MEADOWS,2829,CASTLEBRIDGE,DR,CITY OF MISSISSAUGA,MISSISSAUGA,P-371,OPEN,43.567595,-79.735394,0,0,0,0,0,0,1,1,0,0
205,OAK TREE PARK,1760,HOLLOW OAK,TERR,CITY OF MISSISSAUGA,MISSISSAUGA,P-193,OPEN,43.52037,-79.627198,0,0,0,0,0,0,0,0,0,0
206,RICHARD F.C. MORTENSEN PARK,1665,BURNHAMTHORPE,RD,CITY OF MISSISSAUGA,MISSISSAUGA,P-192,OPEN,43.558658,-79.675645,0,0,0,0,0,1,0,0,0,0
207,CARRIAGE WAY,2544,OLD CARRIAGE,RD,CITY OF MISSISSAUGA,MISSISSAUGA,P-157,OPEN,43.551984,-79.642362,0,0,0,0,0,1,0,0,0,0
208,BRUECKNER RHODODENDRON GARDENS,660,LAKESHORE,RD,CITY OF MISSISSAUGA,MISSISSAUGA,P-156,OPEN,43.540249,-79.595418,0,0,0,0,0,0,0,0,0,0
209,FOREST PARK,6810,FOREST PARK,DR,CITY OF MISSISSAUGA,MISSISSAUGA,P-372,OPEN,43.57627,-79.775464,0,0,0,0,0,1,1,1,0,0
210,DUNCAIRN DOWNS,2860,DUNCAIRN,DR,CITY OF MISSISSAUGA,MISSISSAUGA,P-370,OPEN,43.558437,-79.724108,0,0,0,0,0,1,1,1,0,0
211,LISGAR MEADOW BROOK,3805,DOUG LEAVENS,BLVD,CITY OF MISSISSAUGA,MISSISSAUGA,P-334,OPEN,43.586529,-79.792541,0,0,0,0,0,0,0,0,0,0
212,BIDWELL TRAIL COMMON,6075,BIDWELL,TR,CITY OF MISSISSAUGA,MISSISSAUGA,P-333,OPEN,43.602751,-79.710501,0,0,0,0,0,1,0,1,0,0
213,GARTHWOOD PARK,3170,GARTHWOOD,RD,CITY OF MISSISSAUGA,MISSISSAUGA,P-301,OPEN,43.525533,-79.693668,0,0,0,0,1,1,2,1,0,0
214,NINTH LINE SPORTS PARK,3115,NINTH LINE,,CITY OF MISSISSAUGA,MISSISSAUGA,P-300,OPEN,43.510773,-79.699157,2,0,0,0,0,0,0,0,0,0
215,BURNHAMTHORPE LIBRARY GROUNDS,3650,DIXIE,RD,CITY OF MISSISSAUGA,MISSISSAUGA,P-043,OPEN,43.621251,-79.602486,0,0,0,0,0,0,0,0,0,0
217,RIVERRUN PARK,51,FALCONER,DR,CITY OF MISSISSAUGA,MISSISSAUGA,P-119,OPEN,43.598565,-79.724561,0,0,0,0,0,0,0,0,0,0
218,RIVERVIEW PARK,1735,BRITANNIA,RD,CITY OF MISSISSAUGA,MISSISSAUGA,P-118,OPEN,43.593869,-79.718476,0,0,0,0,0,0,0,0,0,0
219,MALTON GREENWAY,3555,ETUDE,DR,CITY OF MISSISSAUGA,MISSISSAUGA,P-090,OPEN,43.730672,-79.645231,0,0,0,0,0,0,0,0,0,0
220,KING'S MASTING PARK,3389,MARTIN'S PINE,CRES,CITY OF MISSISSAUGA,MISSISSAUGA,P-089,OPEN,43.531762,-79.685987,0,0,0,0,0,1,1,0,0,0
221,HYDE'S MILL HOLLOW,1630,SIR MONTY'S,DR,CITY OF MISSISSAUGA,MISSISSAUGA,P-282,OPEN,43.599828,-79.723331,0,0,0,0,0,0,0,0,0,0
222,TILLSDOWN PARK,1620,SIR MONTY'S,DR,CITY OF MISSISSAUGA,MISSISSAUGA,P-281,OPEN,43.597348,-79.718702,0,1,0,0,0,1,0,1,0,0
223,RIDGEWOOD PARK,7239,CAMBRETT,DR,CITY OF MISSISSAUGA,MISSISSAUGA,P-013,OPEN,43.716321,-79.640911,0,0,0,0,1,1,1,0,1,0
224,JACK DARLING MEMORIAL PARK,1180,LAKESHORE,RD,CITY OF MISSISSAUGA,MISSISSAUGA,P-012,OPEN,43.526985,-79.605292,0,0,0,0,0,2,0,0,1,0
225,NOT TO BE NAMED (P-240) *(NORTH OF AUTUMN BREEZE DR N),2159,AUTUMN BREEZE,DR,CITY OF MISSISSAUGA,MISSISSAUGA,P-240,OPEN,43.57054,-79.61057,0,0,0,0,0,0,0,0,0,0
226,SHAVER TRAIL,4070,PONYTRAIL,DR,CITY OF MISSISSAUGA,MISSISSAUGA,P-239,OPEN,43.632764,-79.596269,0,0,0,0,0,0,0,0,0,0
227,SYNTEX GREEN,2180,SYNTEX,CRT,CITY OF MISSISSAUGA,MISSISSAUGA,P-242,OPEN,43.604362,-79.753353,0,0,0,0,0,0,0,1,0,0
228,CLIFF PARK,2150,CLIFF,RD,CITY OF MISSISSAUGA,MISSISSAUGA,P-014,OPEN,43.578804,-79.596286,0,0,0,0,0,0,0,0,0,0
229,TECUMSEH PARK,1115,TECUMSEH PARK,DR,CITY OF MISSISSAUGA,MISSISSAUGA,P-015,OPEN,43.541099,-79.607996,0,0,0,0,0,0,0,0,0,0
230,TOMKEN TWIN ARENA GROUNDS,4495,TOMKEN,RD,CITY OF MISSISSAUGA,MISSISSAUGA,P-283,OPEN,43.623876,-79.623799,0,0,0,0,0,0,0,0,0,0
232,ALBERT MCBRIDE PARK,3811,TEESWATER,RD,CITY OF MISSISSAUGA,MISSISSAUGA,P-091,OPEN,43.728206,-79.633247,0,0,0,0,0,1,1,0,0,0
233,MCKENZIE PARK,575,MISSISSAUGA VALLEY,BLVD,CITY OF MISSISSAUGA,MISSISSAUGA,P-092,OPEN,43.594635,-79.613257,0,0,0,0,1,1,1,0,0,0
234,MEADOWVALE TRAIL,2833,AQUITAINE,AVE,CITY OF MISSISSAUGA,MISSISSAUGA,P-120,OPEN,43.587971,-79.762748,0,0,0,0,0,0,0,0,0,0
235,SHERIDAN PARK,2200,SHERIDAN PARK,DR,CITY OF MISSISSAUGA,MISSISSAUGA,P-121,OPEN,43.525875,-79.659875,0,0,0,0,0,1,0,1,0,0
236,BANCROFT PARK,955,BANCROFT,DR,CITY OF MISSISSAUGA,MISSISSAUGA,P-376,OPEN,43.613389,-79.707427,0,0,0,0,0,1,1,0,0,0
237,STREETSVILLE ROTARY PARK,108,QUEEN,ST,CITY OF MISSISSAUGA,MISSISSAUGA,P-375,OPEN,43.583802,-79.717351,0,0,0,0,0,1,0,0,0,0
238,KING'S PARK,7185,DIXIE,RD,CITY OF MISSISSAUGA,MISSISSAUGA,P-338,OPEN,43.683062,-79.68176,0,0,0,0,0,0,0,3,0,0
239,PINETREE GROVE,6950,MILLCREEK,DR,CITY OF MISSISSAUGA,MISSISSAUGA,P-337,OPEN,43.595236,-79.758184,0,0,0,0,0,0,0,0,0,0
240,DEAN HENDERSON MEMORIAL PARK,2909,HAMMOND,RD,CITY OF MISSISSAUGA,MISSISSAUGA,P-305,OPEN,43.533511,-79.659658,0,0,0,0,0,1,0,1,0,0
243,SILVERTHORN PARK,3377,CAWTHRA,RD,CITY OF MISSISSAUGA,MISSISSAUGA,P-046,OPEN,43.60315,-79.609464,0,0,0,0,1,1,0,0,0,0
244,FAIRBIRCH PARK,975,FAIR BIRCH,DR,CITY OF MISSISSAUGA,MISSISSAUGA,P-124,OPEN,43.536865,-79.6087,0,0,0,0,0,0,0,0,0,0
245,WINDWOOD PARK,2795,WINDWOOD,DR,CITY OF MISSISSAUGA,MISSISSAUGA,P-123,OPEN,43.575516,-79.742434,0,0,0,0,1,1,0,0,0,0
246,MCCAUGHERTY GREEN,1629,BRISTOL,RD,CITY OF MISSISSAUGA,MISSISSAUGA,P-292,OPEN,43.585101,-79.701605,0,0,0,0,0,0,0,0,0,0
247,BRENTWOOD PARK,496,KAREN PARK,CRES,CITY OF MISSISSAUGA,MISSISSAUGA,P-093,OPEN,43.595814,-79.619171,0,0,0,0,0,1,0,0,0,0
248,GREYSHALE PARK,5065,HERITAGE HILLS,BLVD,CITY OF MISSISSAUGA,MISSISSAUGA,P-287,OPEN,43.601564,-79.663231,0,0,0,0,1,1,0,1,0,0
249,HEWICK MEADOWS,4420,CREDIT POINTE,DR,CITY OF MISSISSAUGA,MISSISSAUGA,P-286,OPEN,43.567258,-79.684843,0,0,0,0,0,0,0,0,0,0
250,CEDARBROOK PARK,1095,RUNNINGBROOK,DR,CITY OF MISSISSAUGA,MISSISSAUGA,P-017,OPEN,43.614141,-79.605318,0,0,0,0,0,0,0,0,0,0
251,WATERSEDGE PARK,1642,WATERSEDGE,RD,CITY OF MISSISSAUGA,MISSISSAUGA,P-016,OPEN,43.507094,-79.602307,0,0,0,0,0,0,0,0,0,0
252,GORDON S. SHIPP MEMORIAL PARK,84,ROBERT SPECK,PKY,CITY OF MISSISSAUGA,MISSISSAUGA,P-244,OPEN,43.59784,-79.634415,0,0,0,0,0,0,0,0,0,0
253,NOT TO BE NAMED (P-243) *(EAST OF ANTIGUA RD),170,PAISLEY,BLVD,CITY OF MISSISSAUGA,MISSISSAUGA,P-243,OPEN,43.572125,-79.613315,0,0,0,0,0,0,0,0,0,0
254,NOT YET NAMED (P-522)*,0,SOUTH SHERIDAN,WAY,CITY OF MISSISSAUGA,MISSISSAUGA,P-522,OPEN,43.509763,-79.661233,0,0,0,0,0,0,0,0,0,0
255,PALLETT GREEN,1576,DUNDAS,ST,,MISSISSAUGA,P-521,OPEN,43.609356,-79.570532,0,0,0,0,0,0,0,0,0,0
256,NOT YET NAMED (P-492)* (NE OF SAINT BABARA BLVD AND PANHELLENIC DR),7339,SAINT BARBARA,BLVD,CITY OF MISSISSAUGA,MISSISSAUGA,P-492,OPEN,43.645876,-79.719138,0,0,0,0,0,0,0,0,0,0
257,ICELAND ARENA & SPORTS PARK,715,MATHESON,BLVD,CITY OF MISSISSAUGA,MISSISSAUGA,P-357,OPEN,43.625099,-79.644574,0,0,0,1,0,1,0,0,1,0
258,PETRO CANADA PARK,670,SOUTHDOWN,RD,CITY OF MISSISSAUGA,MISSISSAUGA,P-475,OPEN,43.503789,-79.622149,0,0,0,1,0,0,3,0,0,0
259,COMMUNITY COMMON PARK,355,PRINCESS ROYAL,DR,CITY OF MISSISSAUGA,MISSISSAUGA,P-471,OPEN,43.588248,-79.647039,0,0,0,0,0,0,0,0,0,0
260,BEECHWOOD PARK,4139,OTTEWELL,CRES,CITY OF MISSISSAUGA,MISSISSAUGA,P-184,OPEN,43.62782,-79.602764,0,0,0,0,1,1,0,0,0,0
261,GARCIA PARK,5900,WHITEHORN,AVE,CITY OF MISSISSAUGA,MISSISSAUGA,P-446,OPEN,43.59757,-79.706854,0,0,0,0,0,1,2,0,0,0
262,KINGSBRIDGE COMMON,4611,REGENTS,TERR,CITY OF MISSISSAUGA,MISSISSAUGA,P-195,OPEN,43.602762,-79.653358,0,0,0,0,1,1,1,0,0,0
263,BISHOPSTOKE WALK,1-A,ROBERT SPECK,PKY,CITY OF MISSISSAUGA,MISSISSAUGA,P-194,OPEN,43.598267,-79.639005,0,0,0,0,0,0,0,0,0,0
264,SHAWNMARR PARK,770,QUEEN,ST,CITY OF MISSISSAUGA,MISSISSAUGA,P-159,OPEN,43.541389,-79.602361,0,2,0,0,0,1,0,0,0,0
265,HAWKINS GLEN,2970,RYMAL,RD,CITY OF MISSISSAUGA,MISSISSAUGA,P-158,OPEN,43.600121,-79.596802,0,0,0,0,0,1,1,0,0,0
266,O'HARRA PARK,5600,LONGFORD,DR,CITY OF MISSISSAUGA,MISSISSAUGA,P-417,OPEN,43.548048,-79.746816,0,0,0,0,0,1,0,0,0,0
267,BRICKYARD PARK,3061,CLAYHILL,RD,CITY OF MISSISSAUGA,MISSISSAUGA,P-416,OPEN,43.573594,-79.628269,1,0,0,0,1,2,1,0,1,0
268,WILLOWVALE FIELDS,1340,WILLOWVALE,GDNS,CITY OF MISSISSAUGA,MISSISSAUGA,P-378,OPEN,43.585616,-79.686294,0,0,0,0,0,1,2,1,0,0
269,STONEWOOD PARK,7348,SANDHURST,DR,CITY OF MISSISSAUGA,MISSISSAUGA,P-377,OPEN,43.582535,-79.787191,0,0,0,0,0,1,1,0,0,0
270,PORT CREDIT MEMORIAL PARK,40,STAVEBANK,RD,CITY OF MISSISSAUGA,MISSISSAUGA,P-106,OPEN,43.552179,-79.588363,0,2,0,0,0,0,0,0,0,0
271,GLENLEVEN PARK,929,SILVER BIRCH,TR,CITY OF MISSISSAUGA,MISSISSAUGA,P-045,OPEN,43.52222,-79.614649,0,0,0,0,0,1,0,0,0,0
272,DANVILLE PARK,6525,DANVILLE,RD,CITY OF MISSISSAUGA,MISSISSAUGA,P-302,WIP,43.645691,-79.673138,0,0,0,0,0,0,0,0,0,0
273,NOT TO BE NAMED (P-303) *(SW OF POETS WALK AND DURIE RD),5444,DURIE,RD,CITY OF MISSISSAUGA,MISSISSAUGA,P-303,OPEN,43.580969,-79.703436,0,0,0,0,0,0,0,0,0,0
274,LORNE PARK PRAIRIE,1070,QUEEN,ST,CITY OF MISSISSAUGA,MISSISSAUGA,P-335,OPEN,43.534534,-79.610132,0,0,0,0,0,0,0,0,0,0
276,AVONLEA GROVE,6807,FOREST PARK,DR,CITY OF MISSISSAUGA,MISSISSAUGA,P-373,OPEN,43.578244,-79.772849,0,0,0,0,0,0,0,0,0,0
277,MULLET'S WALK,5469,MCFARREN,BLVD,CITY OF MISSISSAUGA,MISSISSAUGA,P-374,OPEN,43.573291,-79.713639,0,0,0,0,0,0,0,0,0,0
278,MEADOW GLEN,535,RATHBURN,RD,CITY OF MISSISSAUGA,MISSISSAUGA,P-153,OPEN,43.60924,-79.626649,0,0,0,0,0,1,1,2,0,0
279,RAYFIELD PARK,530,RATHBURN,RD,CITY OF MISSISSAUGA,MISSISSAUGA,P-154,OPEN,43.607485,-79.627013,0,0,2,0,1,1,1,0,0,0
280,RATHWOOD DISTRICT PARK,1095,RATHBURN,RD,CITY OF MISSISSAUGA,MISSISSAUGA,P-190,OPEN,43.619999,-79.615431,1,0,2,0,0,1,1,1,0,0
281,HICKORY GREEN,4252,HICKORY,DR,CITY OF MISSISSAUGA,MISSISSAUGA,P-191,OPEN,43.624823,-79.611489,0,0,0,0,0,1,0,1,0,0
282,ALLISON'S PARK,575,WILLOWBANK,TR,CITY OF MISSISSAUGA,MISSISSAUGA,P-230,OPEN,43.613011,-79.618563,0,0,0,0,0,1,1,0,0,0
283,FRANK MCKECHNIE PARK,2,HULL,ST,CITY OF MISSISSAUGA,MISSISSAUGA,P-330,OPEN,43.704629,-79.642596,0,0,0,0,0,0,0,0,0,0
284,MIGHTY OAK PARK,6015,DOUGUY,BLVD,CITY OF MISSISSAUGA,MISSISSAUGA,P-467,OPEN,43.603894,-79.705576,0,0,0,0,0,0,0,0,0,0
285,BUTTONBUSH PARK,7457,RUSSIAN OLIVE CLOSE,,CITY OF MISSISSAUGA,MISSISSAUGA,P-468,OPEN,43.58572,-79.791555,0,0,0,0,0,1,1,0,0,0
286,NOT YET NAMED (P-454) *(SOUTH OF DERRY RD W AND NINTH LINE),6980,NINTH LINE,,CITY OF MISSISSAUGA,MISSISSAUGA,P-454,WIP,43.573294,-79.786475,0,0,0,0,0,0,0,0,0,0
287,ETOBICOKE VALLEY,1810,MATTAWA,AVE,CITY OF MISSISSAUGA,MISSISSAUGA,P-238,OPEN,43.620497,-79.56712,0,0,0,0,0,0,0,0,0,0
288,OSPREY MARSH,6123,NINTH LINE,,CITY OF MISSISSAUGA,MISSISSAUGA,P-466,OPEN,43.55959,-79.760748,0,0,0,0,0,0,0,0,0,0
289,NOT YET NAMED (P-516)*,0,DERRY,RD,,MISSISSAUGA,P-516,OPEN,43.659091,-79.689506,0,0,0,0,0,0,0,0,0,0
290,MADILL COMMON,525,HUNTINGTON RIDGE,DR,CITY OF MISSISSAUGA,MISSISSAUGA,P-340,OPEN,43.593086,-79.661557,0,0,0,0,0,0,1,0,1,0
291,BERT FLEMING PARK,3345,THE CREDIT WOODLANDS,,CITY OF MISSISSAUGA,MISSISSAUGA,P-339,OPEN,43.558592,-79.65833,0,0,0,0,0,0,0,0,0,0
292,CEREMONIAL GREEN,600,CEREMONIAL,DR,CITY OF MISSISSAUGA,MISSISSAUGA,P-307,OPEN,43.596444,-79.672821,0,0,0,0,0,1,1,1,0,0
293,NOT TO BE NAMED (P-306) *(BETWEEN BARBERTOWN AND EGLINGTON| EAST OF ROYAL MILLS CT),1750,BARBERTOWN,RD,CITY OF MISSISSAUGA,MISSISSAUGA,P-306,OPEN,43.570977,-79.693553,0,0,0,0,0,0,0,0,0,0
294,FOREST GLEN,3545,FIELDGATE,DR,CITY OF MISSISSAUGA,MISSISSAUGA,P-050,OPEN,43.625994,-79.591446,0,0,0,0,0,1,0,1,1,0
295,KENNEDY PARK,3505,GOLDEN ORCHARD,DR,CITY OF MISSISSAUGA,MISSISSAUGA,P-048,OPEN,43.61753,-79.599528,0,0,0,0,0,1,1,0,0,0
296,RATTRAY MARSH,660,BEXHILL,RD,CREDIT VALLEY CONSERVATION,MISSISSAUGA,P-126,OPEN,43.517516,-79.607516,0,0,0,0,0,0,0,0,0,0
297,DERRY GREENWAY,7044,GOREWAY,DR,JOINT OWNERSHIP,MISSISSAUGA,P-125,OPEN,43.709429,-79.639107,0,0,0,0,0,0,0,0,0,0
299,COOKSVILLE COMMON,2326,PARK TOWERS,AVE,CITY OF MISSISSAUGA,MISSISSAUGA,P-293,OPEN,43.57643,-79.606333,0,0,0,0,0,0,0,0,0,0
300,NOT TO BE NAMED (P-289) *(NE OF QEW AND WINSTON CHURCHILL),2700,CREDIT VALLEY,RD,CITY OF MISSISSAUGA,MISSISSAUGA,P-289,OPEN,43.545961,-79.711097,0,0,0,0,0,0,0,0,0,0
301,JOHN C. PALLETT PARK,4550,GLEN ERIN,DR,CITY OF MISSISSAUGA,MISSISSAUGA,P-288,OPEN,43.552209,-79.710352,0,0,0,0,0,1,2,0,0,0
302,ORCHARD HEIGHTS,1704,LINCOLNSHIRE,BLVD,CITY OF MISSISSAUGA,MISSISSAUGA,P-019,OPEN,43.602399,-79.55743,0,0,0,0,0,0,0,0,0,0
303,MUNDEN PARK,499,NORTH SERVICE,RD,CITY OF MISSISSAUGA,MISSISSAUGA,P-018,OPEN,43.579621,-79.588969,0,0,0,0,0,1,0,0,0,0
304,NOT TO BE NAMED (P-246) *(EAST OF TOMKEN RD BETWEEN AMBLER DR AND EASTGATE PKWY),1115,BREVIK,PL,CITY OF MISSISSAUGA,MISSISSAUGA,P-246,OPEN,43.63789,-79.640268,0,0,0,0,0,0,0,0,0,0
305,WILDFIELD PARK,7389,BRAMALEA,RD,CITY OF MISSISSAUGA,MISSISSAUGA,P-245,OPEN,43.691108,-79.676642,0,0,0,0,0,0,0,0,0,0
306,NOT YET NAMED (P-525) *,0,EGLINTON,AVE,CITY OF MISSISSAUGA,MISSISSAUGA,P-525,OPEN,43.603968,-79.657773,0,0,0,0,0,0,0,0,0,0
307,NOT YET NAMED (P-524)*,99,LITTLE CREEK,RD,CITY OF MISSISSAUGA,MISSISSAUGA,P-524,OPEN,43.606012,-79.658582,0,0,0,0,0,0,0,0,0,0
309,MCLEOD PARK,3860,CANDLELIGHT,DR,CITY OF MISSISSAUGA,MISSISSAUGA,P-485,OPEN,43.538876,-79.733775,0,0,0,0,0,1,0,0,0,0
310,NOT YET NAMED (P-481)* (SE OF RENA RD AND SLOUGH ST UP TO AND EAST OF DREW RD),2805,DREW,RD,CITY OF MISSISSAUGA,MISSISSAUGA,P-481,OPEN,43.707625,-79.656577,0,0,0,0,0,0,0,0,0,0
311,BETHESDA COMMON,3311,FIELDGATE,DR,CITY OF MISSISSAUGA,MISSISSAUGA,P-480,OPEN,43.622233,-79.585051,0,0,0,0,0,0,0,0,0,0
312,EASTGATE PARK,320,NAHANI,WAY,CITY OF MISSISSAUGA,MISSISSAUGA,P-257,OPEN,43.615467,-79.646866,0,0,0,0,1,1,0,1,0,0
313,TURNEY WOODS,5898,TURNEY,DR,CITY OF MISSISSAUGA,MISSISSAUGA,P-220,OPEN,43.578669,-79.729323,0,0,0,0,0,0,0,0,0,0
314,KENOLLIE PARK,292,PINETREE,WAY,CITY OF MISSISSAUGA,MISSISSAUGA,P-197,OPEN,43.56076,-79.604754,0,0,0,0,0,0,0,0,0,0
315,MILLGROVE TRAIL,6030,EDENWOOD,DR,CITY OF MISSISSAUGA,MISSISSAUGA,P-196,OPEN,43.583539,-79.770765,0,0,0,0,0,2,0,0,0,0
316,SAWMILL VALLEY TRAIL,1955,BURNHAMTHORPE,RD,CITY OF MISSISSAUGA,MISSISSAUGA,P-161,OPEN,43.548811,-79.700315,0,0,0,0,1,0,0,0,0,0
317,BROMSGROVE PARK,2299,BROMSGROVE,RD,HYDRO ONE,MISSISSAUGA,P-160,OPEN,43.503723,-79.64368,0,0,0,0,0,1,0,0,0,0
318,O'HARRA WAY,5633,NINTH LINE,,CITY OF MISSISSAUGA,MISSISSAUGA,P-419,OPEN,43.54784,-79.748127,0,0,0,0,0,0,0,0,0,0
319,MCCARRON PARK,5420,LONGFORD,DR,CITY OF MISSISSAUGA,MISSISSAUGA,P-418,OPEN,43.544433,-79.742045,0,0,0,0,0,1,0,0,0,0
320,PARKERHILL PARK,3033,PARKERHILL,RD,CITY OF MISSISSAUGA,MISSISSAUGA,P-380,OPEN,43.576129,-79.623009,0,0,0,0,0,1,0,0,0,0
321,THE VILLAGE GREEN,780,VILLAGE GREEN,BLVD,CITY OF MISSISSAUGA,MISSISSAUGA,P-379,OPEN,43.57422,-79.568593,0,0,0,0,0,1,0,0,0,0
323,ROSEBUSH COMMON,4890,CREDITVIEW,RD,CITY OF MISSISSAUGA,MISSISSAUGA,P-341,OPEN,43.575486,-79.683227,0,0,0,0,0,1,1,0,0,0
324,SANDALWOOD PARK,205,NAHANI,WAY,CITY OF MISSISSAUGA,MISSISSAUGA,P-309,OPEN,43.614514,-79.652324,0,0,0,0,0,1,1,0,0,0
325,JOHN CLEARY PARK,450,WEBB,DR,CITY OF MISSISSAUGA,MISSISSAUGA,P-308,OPEN,43.582553,-79.643786,0,0,0,0,0,1,1,0,0,0
326,WESTWOOD PARK,6941,DARCEL,AVE,CITY OF MISSISSAUGA,MISSISSAUGA,P-052,OPEN,43.72178,-79.627747,0,0,0,0,0,0,1,0,0,0
327,THORNLODGE PARK,2405,HOMELANDS,DR,CITY OF MISSISSAUGA,MISSISSAUGA,P-051,OPEN,43.525844,-79.670896,0,0,0,0,1,1,1,1,0,0
328,PINECLIFF PARK,20,PINE CLIFF,DR,CITY OF MISSISSAUGA,MISSISSAUGA,P-128,OPEN,43.60118,-79.719871,0,0,0,0,0,1,0,0,0,0
329,TIMOTHY STREET PARK,50,MAIN,ST,CITY OF MISSISSAUGA,MISSISSAUGA,P-127,OPEN,43.587439,-79.713871,0,0,0,0,0,0,0,0,0,0
330,HAWTHORNE VALLEY TRAIL,159,CEREMONIAL,DR,CITY OF MISSISSAUGA,MISSISSAUGA,P-296,OPEN,43.614414,-79.67594,0,0,0,0,0,0,0,0,0,0
331,BROWN'S HEIGHTS,1600,BRISTOL,RD,CITY OF MISSISSAUGA,MISSISSAUGA,P-295,OPEN,43.584609,-79.699645,0,0,0,0,1,1,1,0,0,0
332,TOM CHATER MEMORIAL PARK,3195,THE COLLEGEWAY,,CITY OF MISSISSAUGA,MISSISSAUGA,P-291,OPEN,43.528196,-79.700176,0,0,0,0,0,2,1,3,0,0
333,DR. MARTIN L. DOBKIN COMMUNITY PARK,395,FAIRVIEW,RD,CITY OF MISSISSAUGA,MISSISSAUGA,P-290,OPEN,43.579648,-79.635335,1,0,0,0,0,1,1,1,0,0
334,DOUGLAS KENNEDY PARK,810,LAKEFRONT PROMENADE,,CITY OF MISSISSAUGA,MISSISSAUGA,P-021,OPEN,43.57137,-79.557567,1,0,0,0,0,0,0,0,0,0
335,APPLEWOOD NORTH PARK,1280,MELTON,DR,CITY OF MISSISSAUGA,MISSISSAUGA,P-020,OPEN,43.599635,-79.576647,0,0,0,0,0,0,0,1,0,0
336,EDWARD L. SCARLETT PARK,1995,COURTNEYPARK,DR,CITY OF MISSISSAUGA,MISSISSAUGA,P-248,OPEN,43.670817,-79.653286,0,0,0,0,0,0,0,0,0,0
337,FOREST HILL PARK,4995,FOREST HILL,DR,CITY OF MISSISSAUGA,MISSISSAUGA,P-247,OPEN,43.563951,-79.702511,0,0,0,0,0,1,1,1,0,0
338,MCCRACKEN COMMUNITY PARK,5510,VELDA,RD,CITY OF MISSISSAUGA,MISSISSAUGA,P-502,OPEN,43.557698,-79.732663,0,0,0,0,0,0,0,0,0,0
339,MARINA PARK,15,FRONT,ST,CITY OF MISSISSAUGA,MISSISSAUGA,P-112,OPEN,43.550896,-79.589258,0,0,0,0,0,0,0,0,0,0
340,NOT YET NAMED (P-495)* (WEST OF SPRING RD AND WHITEOAKS AVE ALONG RAVINE DR),1201,RAVINE,DR,CITY OF MISSISSAUGA,MISSISSAUGA,P-495,OPEN,43.523616,-79.624876,0,0,0,0,0,0,0,0,0,0
341,NOT YET NAMED (P-494)* (WEST OF REXWOOD RD AND DERRY RD E),7020,REXWOOD,RD,CITY OF MISSISSAUGA,MISSISSAUGA,P-494,OPEN,43.716335,-79.628745,0,0,0,0,0,0,0,0,0,0
342,STREETSVILLE VILLAGE HALL,280,QUEEN,ST,CITY OF MISSISSAUGA,MISSISSAUGA,P-484,OPEN,43.579123,-79.710581,0,0,0,0,0,0,0,0,0,0
343,NOT TO BE NAMED (P-482)* (EAST OF ARTESIAN AND COLOMBO CRES),3080,ARTESIAN,DR,CITY OF MISSISSAUGA,MISSISSAUGA,P-482,OPEN,43.544543,-79.713902,0,0,0,0,0,0,0,0,0,0
344,CREDITVIEW WETLANDS,1360,WILLOWVALE,GDNS,CITY OF MISSISSAUGA,MISSISSAUGA,P-424,OPEN,43.585101,-79.687456,0,0,0,0,0,0,0,0,0,0
345,HAWTHORNE VALLEY,5165,FAIRWIND,DR,CITY OF MISSISSAUGA,MISSISSAUGA,P-297,OPEN,43.605606,-79.663835,0,0,0,0,0,1,2,0,0,0
346,WAKEFIELD COMMON,795,RATHBURN,RD,CITY OF MISSISSAUGA,MISSISSAUGA,P-200,OPEN,43.581523,-79.658054,0,0,0,0,0,1,0,0,0,0
347,BRITANNIA WOODS COMMUNITY FOREST,5495,KENNEDY,RD,CITY OF MISSISSAUGA,MISSISSAUGA,P-199,OPEN,43.624436,-79.654872,0,0,0,0,0,0,0,0,0,0
348,PHEASANT RUN,4175,PHEASANT RUN,,CITY OF MISSISSAUGA,MISSISSAUGA,P-163,OPEN,43.544801,-79.698298,0,0,0,0,0,1,1,0,0,0
349,ARBOUR GREEN,4145,TREETOP,CRES,CITY OF MISSISSAUGA,MISSISSAUGA,P-162,OPEN,43.548298,-79.693802,0,0,0,0,0,1,1,0,0,0
350,DIVINER'S WAY,5715,NINTH LINE,,CITY OF MISSISSAUGA,MISSISSAUGA,P-421,OPEN,43.551753,-79.753246,0,0,0,0,0,0,0,0,0,0
351,MAY MEADOW,3925,MCDOWELL,DR,CITY OF MISSISSAUGA,MISSISSAUGA,P-420,OPEN,43.554294,-79.75537,0,0,0,0,0,1,0,0,0,0
352,GRAND PARK WOODS,3350,GRAND PARK,DR,CITY OF MISSISSAUGA,MISSISSAUGA,P-382,OPEN,43.573916,-79.641817,0,0,0,0,0,0,0,0,0,0
353,LAKEVIEW PARK,811,LAKEFRONT PROMENADE,,CITY OF MISSISSAUGA,MISSISSAUGA,P-381,OPEN,43.574144,-79.55555,1,0,0,0,0,0,1,0,0,0
354,FALLINGBROOK COMMUNITY PARK,5135,FALLINGBROOK,DR,CITY OF MISSISSAUGA,MISSISSAUGA,P-347,OPEN,43.586597,-79.681422,1,0,0,0,0,0,2,0,1,0
355,NOT TO BE NAMED (P-343) *(SOUTH OF AND ADJACENT TO GLEN RD),1180,GLEN,RD,CITY OF MISSISSAUGA,MISSISSAUGA,P-343,OPEN,43.528953,-79.618252,0,0,0,0,0,0,0,0,0,0
356,BARBERTON PARK,1930,BARBERTOWN,RD,CITY OF MISSISSAUGA,MISSISSAUGA,P-311,OPEN,43.571639,-79.698212,0,0,0,0,0,1,0,0,0,0
357,LISGAR GREEN,6140,OSPREY,BLVD,CITY OF MISSISSAUGA,MISSISSAUGA,P-310,OPEN,43.56472,-79.759287,0,0,0,0,1,1,0,1,0,0
358,CORAM PARK,1795,CORAM,CRES,CITY OF MISSISSAUGA,MISSISSAUGA,P-054,OPEN,43.616588,-79.572466,0,0,0,0,1,1,0,0,0,0
360,LAKE AQUITAINE TRAIL,2688,AQUITAINE,AVE,CITY OF MISSISSAUGA,MISSISSAUGA,P-130,OPEN,43.593284,-79.76342,0,0,0,0,0,0,0,0,0,0
361,CONSTITUTION PARK,3025,CONSTITUTION,BLVD,CITY OF MISSISSAUGA,MISSISSAUGA,P-129,OPEN,43.604198,-79.591527,0,0,0,0,0,0,0,0,0,0
362,BEDFORD PARK,1590,SOUTH PARADE,CRT,CITY OF MISSISSAUGA,MISSISSAUGA,P-393,OPEN,43.575174,-79.685149,0,0,0,0,0,0,0,0,0,0
363,CRAWFORD WALK,2430,CREDIT VALLEY,RD,CITY OF MISSISSAUGA,MISSISSAUGA,P-298,OPEN,43.552204,-79.704421,0,0,0,0,0,0,0,0,0,0
364,HINDHEAD PARK,1944,HINDHEAD,RD,CITY OF MISSISSAUGA,MISSISSAUGA,P-027,OPEN,43.51729,-79.632492,0,0,0,0,1,1,0,0,0,0
365,HURON PARK,830,PAISLEY,BLVD,CITY OF MISSISSAUGA,MISSISSAUGA,P-026,OPEN,43.558929,-79.632891,0,4,3,0,0,1,2,0,1,0
366,A.E. CROOKES PARK,140,LAKEFRONT PROMENADE,,CITY OF MISSISSAUGA,MISSISSAUGA,P-023,OPEN,43.56814,-79.561588,0,0,0,0,1,1,0,1,1,0
367,FLORADALE PARK,2424,CONFEDERATION,PKY,CITY OF MISSISSAUGA,MISSISSAUGA,P-022,OPEN,43.573917,-79.614576,0,0,0,0,0,1,0,0,1,0
368,LOYALIST CREEK HOLLOW,2225,ROBIN,DR,CITY OF MISSISSAUGA,MISSISSAUGA,P-251,OPEN,43.536271,-79.652093,0,0,0,0,0,0,0,0,0,0
369,CAROLYN CREEK,5240,CHARNWOOD,CRES,CITY OF MISSISSAUGA,MISSISSAUGA,P-250,OPEN,43.583134,-79.694487,0,0,0,0,0,0,0,0,0,0
370,STREETSVILLE VILLAGE SQUARE,7,MAIN,ST,CITY OF MISSISSAUGA,MISSISSAUGA,P-523,OPEN,43.58138,-79.712455,0,0,0,0,0,0,0,0,0,0
371,GOLDER COMMUNITY PARK,3200,DESTINATION,DR,CITY OF MISSISSAUGA,MISSISSAUGA,P-501,OPEN,43.548459,-79.721246,0,0,0,0,0,0,1,0,0,0
372,NOT YET NAMED (P-498)* (EAST OF CAMILLA AND PATHFINDER DR),2081,CAMILLA,RD,CITY OF MISSISSAUGA,MISSISSAUGA,P-498,OPEN,43.573956,-79.59796,0,0,0,0,0,0,0,0,0,0
373,NOT YET NAMED (P-496)* (NORTH OF CLARKSON RD N AND BIRCHWOOD DR),1325,CLARKSON,RD,CITY OF MISSISSAUGA,MISSISSAUGA,P-496,OPEN,43.524183,-79.631551,0,0,0,0,0,0,0,0,0,0
374,APPLEWOOD HILLS,1204,BLOOR,ST,CITY OF MISSISSAUGA,MISSISSAUGA,P-049,OPEN,43.623264,-79.618689,0,0,0,0,0,2,0,0,0,0
376,NOT YET NAMED (P-473)* (WEST OF THOMAS ST ALONG NINTH LINE),5570,NINTH LINE,,CITY OF MISSISSAUGA,MISSISSAUGA,P-473,OPEN,43.547616,-79.751068,0,0,0,0,0,0,0,0,0,0
377,NOT YET NAMED (P-472) *(WEST OF BRINWOOD GATE ALONG NINTH LINE),5640,NINTH LINE,,CITY OF MISSISSAUGA,MISSISSAUGA,P-472,OPEN,43.549791,-79.754082,0,0,0,0,0,0,0,0,0,0
378,JOHN C. PRICE PARK,3077,LITTLEJOHN,LANE,CITY OF MISSISSAUGA,MISSISSAUGA,P-202,OPEN,43.583658,-79.615157,0,0,0,0,0,1,0,0,0,0
379,DEER WOOD PARK,1100,RATHBURN,RD,CITY OF MISSISSAUGA,MISSISSAUGA,P-201,OPEN,43.573028,-79.665314,0,0,0,0,1,1,1,0,0,0
380,MCCAULEY GREEN,2815,FOLKWAY,DR,CITY OF MISSISSAUGA,MISSISSAUGA,P-165,OPEN,43.546246,-79.703036,0,0,0,0,0,1,0,0,0,0
381,TRELLIS TRAIL,2535,FOLKWAY,DR,CITY OF MISSISSAUGA,MISSISSAUGA,P-164,OPEN,43.551926,-79.692887,0,0,0,0,0,0,0,0,0,0
383,TRAFALGAR COMMON,3110,MCDOWELL,DR,CITY OF MISSISSAUGA,MISSISSAUGA,P-422,OPEN,43.563623,-79.742385,0,0,0,0,0,1,1,0,0,0
384,TOBIAS MASON PARK,3274,CACTUS,GATE,CITY OF MISSISSAUGA,MISSISSAUGA,P-385,OPEN,43.587048,-79.786025,0,0,0,0,0,1,2,1,1,0
385,CIVIC VIEW WALK,405,CENTRAL,PKY,CITY OF MISSISSAUGA,MISSISSAUGA,P-312,OPEN,43.583741,-79.644972,0,0,0,0,0,0,0,0,0,0
386,WOODLAND PARK,3500,ELLENGALE,DR,CITY OF MISSISSAUGA,MISSISSAUGA,P-056,OPEN,43.56488,-79.661011,0,0,0,0,0,1,1,0,0,0
389,LAKE WABUKAYNE TRAIL,2788,WINDWOOD,DR,CITY OF MISSISSAUGA,MISSISSAUGA,P-131,OPEN,43.574562,-79.7455,0,0,0,0,0,0,0,0,0,0
390,GLEN ERIN WOODLANDS,925,MCBRIDE,AVE,CITY OF MISSISSAUGA,MISSISSAUGA,P-095,OPEN,43.565777,-79.646246,0,0,0,0,0,1,0,0,0,0
391,ANAKA PARK,7666,ANAKA,DR,CITY OF MISSISSAUGA,MISSISSAUGA,P-094,OPEN,43.721895,-79.654662,0,0,0,0,0,1,1,0,0,0
392,SPRUCE PARK,280,ANGELENE,ST,CITY OF MISSISSAUGA,MISSISSAUGA,P-029,OPEN,43.565099,-79.579264,0,2,0,0,1,1,0,0,0,0
393,CAMILLA PARK,2180,CAMILLA,RD,CITY OF MISSISSAUGA,MISSISSAUGA,P-028,OPEN,43.576084,-79.604659,0,0,0,0,0,2,0,0,0,0
394,RON LENYK SPRINGFIELD PARK,3325,THE CREDIT WOODLANDS,,CITY OF MISSISSAUGA,MISSISSAUGA,P-025,OPEN,43.559088,-79.655111,1,0,0,0,0,1,0,0,0,0
395,WESTACRES PARK,2166,WESTFIELD,DR,CITY OF MISSISSAUGA,MISSISSAUGA,P-024,OPEN,43.591091,-79.583513,0,0,0,0,1,1,0,0,0,0
396,NOT TO BE NAMED (P-253) *(EAST OF PARKERHILL RD| BETWEEN DUNDAS AND HILLCREST),2615,MASON,HTS,CITY OF MISSISSAUGA,MISSISSAUGA,P-253,OPEN,43.574179,-79.622713,0,0,0,0,0,0,0,0,0,0
397,NOT TO BE NAMED (P-252) *(SW OF ONTARIO CRT| 2 SEPERATE PARCELS),44,ONTARIO,CRT,CITY OF MISSISSAUGA,MISSISSAUGA,P-252,OPEN,43.582893,-79.721479,0,0,0,0,0,0,0,0,0,0
398,NOT YET NAMED (P-526) *,0,DUNDAS,ST,CITY OF MISSISSAUGA,MISSISSAUGA,P-526,OPEN,43.564986,-79.635829,0,0,0,0,0,0,0,0,0,0
399,NOT YET NAMED (P-528)*,1184,SHAGBARK,CRES,CITY OF MISSISSAUGA,MISSISSAUGA,P-528,OPEN,43.569034,-79.664595,0,0,0,0,0,0,0,0,0,0
400,NOT YET NAMED (P-500)* (WEST OF DICKSON AND STAVEBANK RD),425,PREMIUM,WAY,CITY OF MISSISSAUGA,MISSISSAUGA,P-500,OPEN,43.559579,-79.611379,0,0,0,0,0,0,0,0,0,0
401,NOT YET NAMED (P-499)* (SW OF MINEOLA RD W AND MINAKI RD),264,MINEOLA,RD,CITY OF MISSISSAUGA,MISSISSAUGA,P-499,OPEN,43.555847,-79.59641,0,0,0,0,0,0,0,0,0,0
402,GLEN ERIN TRAIL,1640,THE COLLEGEWAY,,CITY OF MISSISSAUGA,MISSISSAUGA,P-079,OPEN,43.540868,-79.70478,0,0,0,0,0,2,0,0,0,0
403,MARY FIX PARK,76,PINETREE,WAY,CITY OF MISSISSAUGA,MISSISSAUGA,P-058,OPEN,43.565579,-79.599556,0,0,0,0,0,0,0,0,0,0
404,JIM MURRAY COMMUNITY PARK,5225,TENTH LINE WEST,,CITY OF MISSISSAUGA,MISSISSAUGA,P-477,OPEN,43.549045,-79.72689,0,0,0,0,0,1,1,0,0,0
405,MARCO MUZZO SENIOR MEMORIAL WOODS & PARK,5098,PERENNIAL,DR,CITY OF MISSISSAUGA,MISSISSAUGA,P-476,OPEN,43.542469,-79.7301,0,0,0,0,0,1,2,0,0,0
406,"CHARLES ""BUD"" BRENNAN PARK",6181,EDENWOOD,DR,CITY OF MISSISSAUGA,MISSISSAUGA,P-204,OPEN,43.570015,-79.748712,0,0,0,0,1,1,0,0,0,0
407,SAWGRASS PARK,1075,RATHBURN,RD,CITY OF MISSISSAUGA,MISSISSAUGA,P-203,OPEN,43.574691,-79.667112,0,0,0,0,0,1,0,0,0,0
408,J.C. SADDINGTON PARK,53,LAKE,ST,CITY OF MISSISSAUGA,MISSISSAUGA,P-167,OPEN,43.546415,-79.583522,0,0,0,0,0,1,0,0,0,0
409,TAFFEY PARK,2936-A,REMEA,CRT,CITY OF MISSISSAUGA,MISSISSAUGA,P-166,OPEN,43.543315,-79.706866,0,0,0,0,0,0,0,0,0,0
410,FLETCHER'S FLATS,6798,MAVIS,RD,CITY OF MISSISSAUGA,MISSISSAUGA,P-428,OPEN,43.634468,-79.716715,0,0,0,0,0,0,0,0,0,0
411,NOT TO BE NAMED (P-425) *(BETWEEN ERIN MILLS PKWY AND FIFTH LINE W| NORTH OF SHERIDAN PARK DR),2400,ERIN MILLS,PKY,CITY OF MISSISSAUGA,MISSISSAUGA,P-425,OPEN,43.531074,-79.65838,0,0,0,0,0,0,0,0,0,0
412,SILVER FOX FOREST,1711,DANTHORPE,DR,CITY OF MISSISSAUGA,MISSISSAUGA,P-383,OPEN,43.618158,-79.746347,0,0,0,0,0,1,0,0,0,0
413,NOT TO BE NAMED (P-349) *(BETWEEN LOYALIST DR AND WINSTON CHURCHILL| SOUTH OF THE COLLEGEWAY),3445,LOYALIST,DR,CITY OF MISSISSAUGA,MISSISSAUGA,P-349,OPEN,43.52937,-79.692312,0,0,0,0,0,0,0,0,0,0
414,LIVING ARTS CENTRE GROUNDS,4141,LIVING ARTS,DR,CITY OF MISSISSAUGA,MISSISSAUGA,P-348,OPEN,43.589706,-79.645715,0,0,0,0,0,0,0,0,0,0
415,STAGHORN WOODS,855,CEREMONIAL,DR,CITY OF MISSISSAUGA,MISSISSAUGA,P-313,OPEN,43.603617,-79.675519,0,0,0,0,1,1,1,0,0,0
416,MISSISSAUGA CELEBRATION SQUARE (SOUTH),301,BURNHAMTHORPE,RD,CITY OF MISSISSAUGA,MISSISSAUGA,P-351,OPEN,43.588013,-79.643013,0,0,0,0,0,0,0,0,0,0
417,MISSISSAUGA CELEBRATION SQUARE (NORTH),300,CITY CENTRE,DR,CITY OF MISSISSAUGA,MISSISSAUGA,P-350,OPEN,43.588786,-79.644273,0,0,0,0,0,0,0,0,1,0
418,ERIN WOODS,5303,ERIN MILLS,PKY,CITY OF MISSISSAUGA,MISSISSAUGA,P-315,OPEN,43.56698,-79.714765,0,0,0,0,0,0,0,0,0,0
419,NOT YET NAMED (P-314) *(SW OF STAVEBANK AND QEW),2140,STAVEBANK,RD,CITY OF MISSISSAUGA,MISSISSAUGA,P-314,OPEN,43.56017,-79.61789,0,0,0,0,0,0,0,0,0,0
420,PAUL COFFEY PARK,3430,DERRY,RD,CITY OF MISSISSAUGA,MISSISSAUGA,P-059,OPEN,43.709152,-79.62737,0,8,4,1,0,2,3,2,0,0
421,BRUCE REYNOLDS PARK,2173,SPRINGBANK,RD,CITY OF MISSISSAUGA,MISSISSAUGA,P-057,OPEN,43.535911,-79.642591,0,0,0,0,1,1,3,0,0,0
422,KOGAYDIWIN PARK,1585,FINFAR,CRT,CITY OF MISSISSAUGA,MISSISSAUGA,P-134,OPEN,43.517137,-79.650504,1,0,0,0,1,1,1,0,0,0
423,IROQUOIS FLATS,520,FERGO,AVE,CITY OF MISSISSAUGA,MISSISSAUGA,P-133,OPEN,43.56614,-79.624463,0,0,0,0,0,0,1,0,0,0
424,MILLWAY GATE PARK,2136,MILLWAY,GATE,CITY OF MISSISSAUGA,MISSISSAUGA,P-097,OPEN,43.540132,-79.675862,0,0,0,0,0,0,0,0,0,0
426,GREENFIELD PARK,1165,MISSISSAUGA VALLEY,BLVD,CITY OF MISSISSAUGA,MISSISSAUGA,P-032,OPEN,43.600762,-79.62069,0,0,0,0,0,2,2,0,0,0
427,CATTRICK BOULEVARD PARK,53,CATTRICK,ST,CITY OF MISSISSAUGA,MISSISSAUGA,P-030,OPEN,43.703338,-79.651745,0,0,0,0,0,1,0,0,0,0
428,SGT. DAVID YAKICHUK PARK,3111,CONFEDERATION,PKY,CITY OF MISSISSAUGA,MISSISSAUGA,P-263,OPEN,43.579062,-79.622782,0,0,0,0,0,1,0,0,0,0
429,NOT TO BE NAMED (P-262) *(EAST OF BRITANNIA RD E AND TOMKEN),1070,BRITANNIA,RD,CITY OF MISSISSAUGA,MISSISSAUGA,P-262,OPEN,43.645874,-79.653571,0,0,0,0,0,0,0,0,0,0
430,NOT TO BE NAMED (P-255) *(BETWEEN ALBERTSON CRES AND VEROU CRT),970,ALBERTSON,CRES,CITY OF MISSISSAUGA,MISSISSAUGA,P-255,OPEN,43.530841,-79.610334,0,0,0,0,0,0,0,0,0,0
431,RED OAK PLAIN,1985,BRITANNIA,RD,CITY OF MISSISSAUGA,MISSISSAUGA,P-254,OPEN,43.665761,-79.639333,0,0,0,0,0,0,0,0,0,0
432,COOKSVILLE COMMON,2326,PARK TOWERS,AVE,CITY OF MISSISSAUGA,MISSISSAUGA,P-293,OPEN,43.576474,-79.607839,0,0,0,0,0,0,0,0,0,0
433,NOT YET NAMED (P-527)*,0,CENTRAL,PKY,CITY OF MISSISSAUGA,MISSISSAUGA,P-527,OPEN,43.572704,-79.646435,0,0,0,0,0,0,0,0,0,0
434,MEADOW PARK,2203,TRUSCOTT,DR,CITY OF MISSISSAUGA,MISSISSAUGA,P-038,OPEN,43.517697,-79.643584,0,0,0,0,0,1,1,0,0,0
435,HORSESHOE PARK,7150,SAINT BARBARA,BLVD,CITY OF MISSISSAUGA,MISSISSAUGA,P-493,OPEN,43.641496,-79.719002,0,0,0,0,0,0,1,0,0,0
436,RED BRUSH PARK,5139,RED BRUSH,DR,CITY OF MISSISSAUGA,MISSISSAUGA,P-387,OPEN,43.622111,-79.644338,0,0,0,0,0,1,1,1,0,0
437,DON GOULD PARK,2441,FIFTH LINE WEST,,CITY OF MISSISSAUGA,MISSISSAUGA,P-386,OPEN,43.531838,-79.660143,0,0,0,0,0,1,0,0,0,0
438,VIMY PARK,29,STAVEBANK,RD,CITY OF MISSISSAUGA,MISSISSAUGA,P-111,OPEN,43.55337,-79.586922,0,0,0,0,0,0,0,0,0,0
439,J.J. PLAUS PARK,18,STAVEBANK,RD,CITY OF MISSISSAUGA,MISSISSAUGA,P-109,OPEN,43.55031,-79.583487,0,0,0,0,0,0,0,0,0,0
440,NOT YET NAMED (P-479)* (SE OF MILLCREEK DR AND SOUTHFIELD RD),6351,MILLCREEK,DR,CITY OF MISSISSAUGA,MISSISSAUGA,P-479,OPEN,43.586715,-79.736602,0,0,0,0,0,0,0,0,0,0
441,MILLSTONE PARK,7010,OLD MILL,LANE,CITY OF MISSISSAUGA,MISSISSAUGA,P-478,OPEN,43.625569,-79.729927,0,0,0,0,0,0,0,0,0,0
442,EDEN WOODS,6647,TENTH LINE WEST,,CITY OF MISSISSAUGA,MISSISSAUGA,P-207,OPEN,43.577726,-79.76616,0,0,0,0,0,1,1,1,0,0
443,EDENGROVE,3071,TOURS,RD,CITY OF MISSISSAUGA,MISSISSAUGA,P-205,OPEN,43.573334,-79.755038,0,0,0,0,0,1,0,0,0,0
444,ADAMSON ESTATE,850,ENOLA,AVE,CITY OF MISSISSAUGA,MISSISSAUGA,P-169,OPEN,43.562583,-79.568132,0,0,0,0,0,0,0,0,0,0
445,WINDY HOLLOW,3271,SOUTH MILLWAY,,CITY OF MISSISSAUGA,MISSISSAUGA,P-168,OPEN,43.543002,-79.671343,0,0,0,0,0,0,0,0,0,0
446,KNOTTY PINE PARK,835,KNOTTY PINE GROVE,,CITY OF MISSISSAUGA,MISSISSAUGA,P-431,OPEN,43.636408,-79.731071,0,0,0,0,0,1,1,1,0,0
447,BRAEBEN GOLF COURSE,5650,TERRY FOX,WAY,CITY OF MISSISSAUGA,MISSISSAUGA,P-430,OPEN,43.598955,-79.695874,0,0,0,0,0,0,0,0,0,0
448,HARDING WATERFRONT ESTATE,2700,LAKESHORE,RD,CITY OF MISSISSAUGA,MISSISSAUGA,P-389,OPEN,43.484602,-79.623738,0,0,0,0,0,0,0,0,0,0
449,NOT YET NAMED (P-388) *(SE OF BLACKHEATH RIDGE),6688,SECOND LINE WEST,,CITY OF MISSISSAUGA,MISSISSAUGA,P-388,OPEN,43.617569,-79.720427,0,0,0,0,0,0,0,0,0,0
450,NOT YET NAMED (P-353) *(SE OF EGLINGTON AND 403),4555,CAWTHRA,RD,CITY OF MISSISSAUGA,MISSISSAUGA,P-353,OPEN,43.621469,-79.631924,0,0,0,0,0,0,0,0,0,0
451,HOWARD P. MORGAN MEMORIAL PARK,1475,DUNDAS,ST,CITY OF MISSISSAUGA,MISSISSAUGA,P-352,OPEN,43.551304,-79.64933,0,0,0,0,0,0,0,0,0,0
452,SAIGON PARK,240,MATHESON,BLVD,CITY OF MISSISSAUGA,MISSISSAUGA,P-317,WIP,43.617384,-79.678756,0,0,0,0,0,0,0,0,0,0
453,MAPLE GROVE,7075,MILLCREEK,DR,CITY OF MISSISSAUGA,MISSISSAUGA,P-316,OPEN,43.598685,-79.763505,0,0,0,0,0,0,0,0,0,0
454,MOHAWK PARK,2409,DELKUS,CRES,CITY OF MISSISSAUGA,MISSISSAUGA,P-061,OPEN,43.58567,-79.593199,0,0,0,0,0,1,0,0,0,0
455,ERINDALE PARK,1695,DUNDAS,ST,CITY OF MISSISSAUGA,MISSISSAUGA,P-060,OPEN,43.553582,-79.659648,0,0,0,0,0,1,0,0,0,0
456,BOUGH BEECHES PARK,1780,BOUGH BEECHES,BLVD,CITY OF MISSISSAUGA,MISSISSAUGA,P-136,OPEN,43.636396,-79.600866,0,0,0,0,0,0,0,0,0,0
458,BIRCH GLEN,1406,BRAMBLEWOOD,LANE,CITY OF MISSISSAUGA,MISSISSAUGA,P-099,OPEN,43.524692,-79.619458,0,0,0,0,0,0,0,0,0,0
460,ALAN BRADLEY PARK,749,MELTON,DR,CITY OF MISSISSAUGA,MISSISSAUGA,P-034,OPEN,43.589001,-79.589436,0,0,0,0,0,0,0,0,0,0
461,MARVIN HEIGHTS,7363,REDSTONE,RD,CITY OF MISSISSAUGA,MISSISSAUGA,P-033,OPEN,43.716209,-79.650829,0,0,0,0,0,1,1,0,0,0
462,ERIN MILLS ATHLETIC FIELDS,4419,HAYDOCK PARK,DR,CITY OF MISSISSAUGA,MISSISSAUGA,P-265,OPEN,43.557152,-79.694604,0,0,0,0,0,0,2,0,0,0
463,ERIN MILLS TWIN ARENA GROUNDS,3205,UNITY,DR,CITY OF MISSISSAUGA,MISSISSAUGA,P-264,OPEN,43.536855,-79.712829,0,0,0,0,0,0,1,0,0,0
464,NOT TO BE NAMED (P-258) *(SE OF DERRY AND 410| ALONG TOMKEN),6870,TOMKEN,RD,CITY OF MISSISSAUGA,MISSISSAUGA,P-258,OPEN,43.662643,-79.686387,0,0,0,0,0,0,0,0,0,0
465,HERITAGE HILLS PARK,315,HUNTINGTON RIDGE,DR,CITY OF MISSISSAUGA,MISSISSAUGA,P-256,OPEN,43.598227,-79.657391,0,0,2,0,1,1,2,1,0,0
466,COOKSVILLE PARK,106,KING,ST,CITY OF MISSISSAUGA,MISSISSAUGA,P-071,OPEN,43.581286,-79.612455,0,0,0,0,0,1,0,0,0,0
467,WOODEDEN PARK,1538,WOODEDEN,DR,CITY OF MISSISSAUGA,MISSISSAUGA,P-146,OPEN,43.544151,-79.619724,0,0,0,0,0,0,0,0,0,0
468,LOCHLIN GREEN,1577,LOCHLIN,TR,CITY OF MISSISSAUGA,MISSISSAUGA,P-172,OPEN,43.573117,-79.591989,0,0,0,0,0,0,0,0,0,0
469,STATION WAY,26,YORK,ST,JOINT OWNERSHIP,MISSISSAUGA,P-144,OPEN,43.704953,-79.650797,0,0,0,0,0,0,0,0,0,0
470,NOT YET NAMED (P-486)*,70,MISSISSAUGA,RD,,MISSISSAUGA,P-486,OPEN,43.543166,-79.585432,0,0,0,0,0,0,0,0,0,0
471,NOT TO BE NAMED (P-491)* (NE OF DUNDAS ST E AND SOUTHCREEK RD),2275,DUNDAS,ST,CITY OF MISSISSAUGA,MISSISSAUGA,P-491,OPEN,43.627984,-79.565542,0,0,0,0,0,0,0,0,0,0
472,PROMONTORY WOODS,3870,PROMONTORY,CRES,CITY OF MISSISSAUGA,MISSISSAUGA,P-209,OPEN,43.55793,-79.671506,0,0,0,0,0,1,0,0,0,0
473,KINDREE GATE,6252,KINDREE,CIR,CITY OF MISSISSAUGA,MISSISSAUGA,P-208,OPEN,43.56902,-79.756773,0,0,0,0,0,0,0,0,0,0
474,SHERIDAN CREEK TRAIL,2280,TRUSCOTT,DR,CITY OF MISSISSAUGA,MISSISSAUGA,P-171,OPEN,43.515593,-79.64974,0,0,0,0,0,0,0,0,0,0
475,KOGAYDIWIN TRAIL,2560,BENEDET,DR,CITY OF MISSISSAUGA,MISSISSAUGA,P-170,OPEN,43.50854,-79.658999,0,0,0,0,0,0,0,0,0,0
476,DERRY WEST GREENBELT,200,DERRY,RD,CITY OF MISSISSAUGA,MISSISSAUGA,P-433,OPEN,43.641515,-79.709003,0,0,0,0,0,0,0,0,0,0
477,HIGHLAND VIEW PARK,5742,HEATHERLEIGH,AVE,CITY OF MISSISSAUGA,MISSISSAUGA,P-432,OPEN,43.602979,-79.692332,0,0,0,0,0,1,0,0,0,0
478,OLD RIDGE PARK,6965,HISTORIC,TR,CITY OF MISSISSAUGA,MISSISSAUGA,P-391,OPEN,43.624566,-79.728503,0,0,0,0,1,1,1,0,0,0
479,PICKWICK GREEN,1335,PICKWICK,DR,CITY OF MISSISSAUGA,MISSISSAUGA,P-390,OPEN,43.596876,-79.701183,0,0,0,0,0,1,0,0,0,0
480,TROOPER MARC DIAB MEMORIAL PARK,5514,WHITEHORN,AVE,CITY OF MISSISSAUGA,MISSISSAUGA,P-355,OPEN,43.589561,-79.69753,0,0,0,0,0,1,1,0,0,0
481,NOT TO BE NAMED (P-354) *(SOUTH OF DRENKELLY CRT AND WEST OF DURIE RD),5286,DRENKELLY,CRT,CITY OF MISSISSAUGA,MISSISSAUGA,P-354,OPEN,43.577608,-79.699055,0,0,0,0,0,0,0,0,0,0
482,MANOR HILL,2225,MANOR HILL,DR,CITY OF MISSISSAUGA,MISSISSAUGA,P-319,OPEN,43.571964,-79.710268,0,0,0,0,1,1,1,1,0,0
483,SWINBOURNE MEADOWS,1129,SWINBOURNE,DR,CITY OF MISSISSAUGA,MISSISSAUGA,P-318,OPEN,43.608109,-79.706273,0,0,0,0,0,1,1,1,0,0
484,WOODGREEN,3325,TWILIGHT,RD,CITY OF MISSISSAUGA,MISSISSAUGA,P-063,OPEN,43.719624,-79.646686,0,0,0,0,1,1,0,0,0,0
485,ELMCREEK PARK,7320,DARCEL,AVE,CITY OF MISSISSAUGA,MISSISSAUGA,P-062,OPEN,43.722791,-79.638603,0,3,0,0,0,0,0,0,1,0
486,AVONGATE PARK,2449,AVONGATE,DR,CITY OF MISSISSAUGA,MISSISSAUGA,P-138,OPEN,43.556161,-79.635333,0,0,0,0,0,0,0,0,0,0
487,BIRCHWOOD PARK,1547,LAKESHORE,RD,CITY OF MISSISSAUGA,MISSISSAUGA,P-137,OPEN,43.521648,-79.622114,0,2,0,0,0,0,1,5,0,0
488,HUNTER'S GREEN,2780,GANANOQUE,DR,CITY OF MISSISSAUGA,MISSISSAUGA,P-101,OPEN,43.589466,-79.763743,1,0,0,0,0,1,1,0,0,0
489,MAPLEWOOD PARK,6835,GLEN ERIN,DR,CITY OF MISSISSAUGA,MISSISSAUGA,P-100,OPEN,43.590263,-79.759855,0,0,0,0,0,0,0,0,0,0
490,CLARKSON COMMUNITY CENTRE & LIBRARY GROUNDS,2475,TRUSCOTT,DR,CITY OF MISSISSAUGA,MISSISSAUGA,P-036,OPEN,43.511375,-79.65017,0,2,0,0,0,1,0,0,1,0
491,FRED HALLIDAY MEMORIAL PARK,2187,STIR,CRES,CITY OF MISSISSAUGA,MISSISSAUGA,P-035,OPEN,43.597684,-79.576412,0,0,0,0,0,1,0,1,0,0
493,MAGRATH PARK,4206,MELIA,DR,CITY OF MISSISSAUGA,MISSISSAUGA,P-266,OPEN,43.568773,-79.673936,0,0,0,0,1,1,0,1,0,0
494,NOT TO BE NAMED (P-260) *(SW OF DERRY RD W AND ARENTIA),2413,DERRY,RD,CITY OF MISSISSAUGA,MISSISSAUGA,P-260,OPEN,43.600336,-79.765475,0,0,0,0,0,0,0,0,0,0
495,NOT TO BE NAMED (P-259) *(NE OF TOMKEN AND EGLINGTON),1083,MATHESON,BLVD,CITY OF MISSISSAUGA,MISSISSAUGA,P-259,OPEN,43.63586,-79.638963,0,0,0,0,0,0,0,0,0,0
216,MEADOWVALE HALL GROUNDS,6970,SECOND LINE WEST,,CITY OF MISSISSAUGA,MISSISSAUGA,P-042,OPEN,43.626187,-79.727158,0,0,0,0,0,0,0,0,0,1
54,BROOKMEDE PARK,2254,COUNCIL RING,RD,CITY OF MISSISSAUGA,MISSISSAUGA,P-078,OPEN,43.537227,-79.674112,0,0,0,0,0,1,1,0,0,2
57,MALTON VILLAGE PARK,39,BEVERLEY,ST,CITY OF MISSISSAUGA,MISSISSAUGA,P-270,OPEN,43.707382,-79.649939,1,1,0,0,0,1,0,0,0,2
130,CAMDEN PARK,495,CAMDEN,CIR,CITY OF MISSISSAUGA,MISSISSAUGA,P-183,OPEN,43.615158,-79.636922,0,0,0,0,1,1,0,0,0,2
231,CREDIT POINTE VILLAGE,4635,CREDIT POINTE,DR,CITY OF MISSISSAUGA,MISSISSAUGA,P-285,OPEN,43.57125,-79.685967,0,0,0,0,1,1,0,0,0,2
242,LAUGHTON HEIGHTS,1519,SHERWAY,DR,CITY OF MISSISSAUGA,MISSISSAUGA,P-047,OPEN,43.604001,-79.569236,0,1,0,0,1,0,0,0,0,2
275,CENTURY CITY,933,FOCAL,RD,CITY OF MISSISSAUGA,MISSISSAUGA,P-336,OPEN,43.591305,-79.677473,0,1,0,0,0,0,2,1,0,2
298,ZONTA MEADOWS,410,RATHBURN,RD,CITY OF MISSISSAUGA,MISSISSAUGA,P-294,OPEN,43.586263,-79.650884,0,0,0,0,0,0,1,0,0,2
308,STONEBROOK PARK,305,MISSISSAUGA VALLEY,BLVD,CITY OF MISSISSAUGA,MISSISSAUGA,P-087,OPEN,43.590452,-79.622395,0,0,0,0,0,1,0,0,0,2
322,FOUR WINDS HOLLOW,636,AVONWICK,AVE,CITY OF MISSISSAUGA,MISSISSAUGA,P-342,OPEN,43.606886,-79.684152,0,0,0,0,0,1,1,0,0,2
359,BURNHAMDALE PARK,3316,CARDROSS,RD,CITY OF MISSISSAUGA,MISSISSAUGA,P-053,OPEN,43.619787,-79.588038,0,0,0,0,0,1,1,0,0,2
375,FAIRVIEW PARK,3300,PALGRAVE,RD,CITY OF MISSISSAUGA,MISSISSAUGA,P-031,OPEN,43.58203,-79.629973,0,0,0,0,0,1,1,0,0,2
387,GULLEDEN PARK,1500,GULLEDEN,DR,CITY OF MISSISSAUGA,MISSISSAUGA,P-055,OPEN,43.621189,-79.598538,0,0,0,0,0,0,0,1,0,2
459,WOODHURST HEIGHTS,3475,ASH ROW,CRES,CITY OF MISSISSAUGA,MISSISSAUGA,P-098,OPEN,43.536864,-79.691437,0,0,0,0,0,1,2,0,0,2
492,MAX WARD PARK,2380,MATHESON,BLVD,CITY OF MISSISSAUGA,MISSISSAUGA,P-267,OPEN,43.65751,-79.607383,0,0,0,0,0,0,0,2,0,2
241,RIVER GROVE,5800,RIVER GROVE,AVE,CITY OF MISSISSAUGA,MISSISSAUGA,P-304,OPEN,43.590287,-79.711423,1,0,0,0,0,1,0,2,0,3
45,LISGAR FIELDS,3805,DOUG LEAVENS,BLVD,CITY OF MISSISSAUGA,MISSISSAUGA,P-359,OPEN,43.571193,-79.774932,1,3,0,0,0,1,2,0,1,4
77,QUENIPPENON MEADOWS,2625,ERIN CENTRE,BLVD,CITY OF MISSISSAUGA,MISSISSAUGA,P-324,OPEN,43.563823,-79.718769,1,0,0,0,0,1,1,1,1,4
111,SETTLER'S GREEN,6440,GLEN ERIN,DR,CITY OF MISSISSAUGA,MISSISSAUGA,P-149,OPEN,43.579551,-79.751616,0,0,0,0,0,1,1,0,0,4
133,COURTNEYPARK ATHLETIC FIELDS,600,COURTNEYPARK,DR,CITY OF MISSISSAUGA,MISSISSAUGA,P-445,OPEN,43.62367,-79.705844,0,4,0,1,0,1,2,0,0,4
177,MEADOW GREEN,6595,FALCONER,DR,CITY OF MISSISSAUGA,MISSISSAUGA,P-086,OPEN,43.604131,-79.727845,1,0,0,0,1,1,0,0,0,4
200,MCKECHNIE WOODS,310,BRISTOL,RD,CITY OF MISSISSAUGA,MISSISSAUGA,P-362,OPEN,43.616456,-79.652491,0,3,0,0,0,1,0,0,1,4
382,CHURCHILL MEADOWS COMMUNITY COMMON,3370,MCDOWELL,DR,CITY OF MISSISSAUGA,MISSISSAUGA,P-423,OPEN,43.557184,-79.746816,0,2,0,0,0,2,4,0,1,4
388,GLEN EDEN PARK,7230,COPENHAGEN,RD,CITY OF MISSISSAUGA,MISSISSAUGA,P-132,OPEN,43.593064,-79.768628,0,0,0,0,0,1,0,0,0,4
425,MISSISSAUGA VALLEY,1275,MISSISSAUGA VALLEY,BLVD,CITY OF MISSISSAUGA,MISSISSAUGA,P-096,OPEN,43.596668,-79.625573,1,0,4,0,1,2,1,1,1,4
457,GARNETWOOD PARK,1996,RATHBURN,RD,CITY OF MISSISSAUGA,MISSISSAUGA,P-135,OPEN,43.638075,-79.589846,1,2,0,0,1,0,1,1,0,4
